Date	MSFT	F	CRAY	GOOG	HPQ	YHOO	JAVA	DELL	AAPL	IBM	LNVGY	CSCO	BAC	INTC	AMD	SNE	NVDA	AMZN	CREAF	EK
1/2/2008	35.22	6.6	5.81	619.98	49.65	23.72	17.42	24.39	194.84	104.69	18.41	26.54	40.56	25.35	7.14	54.11	33.01	96.25	4.3	21.57
1/3/2008	35.37	6.45	5.69	622.73	49.65	23.84	17.15	23.71	194.93	104.9	18.5	26.75	40.3	24.67	6.77	54.35	32.75	95.21	4.3	20.95
1/4/2008	34.38	6.13	5.58	619.4	46.87	23.16	16.31	22.09	180.05	101.13	17.85	26.12	39.85	22.67	6.25	52.42	30	88.79	4.3	19.76
1/7/2008	34.61	6.16	5.59	622.87	45.35	23.18	16.11	21.26	177.64	100.05	17.7	26.13	39.9	22.88	6.08	54.1	26.9	88.82	4.4	19.92
1/8/2008	33.45	6.1	5.33	618.48	43.19	22.61	15.86	20.74	171.25	97.59	16.6	25.43	38.41	22.26	6	54.16	27.47	87.88	4.3	19.21
1/9/2008	34.44	6.07	5.12	611.68	44.44	22.56	15.66	20.93	179.4	98.31	15	26.24	38.74	22.75	5.53	57.19	28.89	85.22	3.95	19.37
1/10/2008	34.33	6.25	5.31	601.12	45.34	24.09	16.05	20.94	178.02	99.92	14.45	26.24	39.3	22.54	5.96	56.43	28.29	84.26	4.05	19.53
1/11/2008	33.91	6.06	5.24	598.68	45	23.36	15.29	20.76	172.69	97.67	14.35	25.87	38.5	21.99	6.25	55.3	27.05	81.08	3.95	19.26
1/14/2008	34.39	6.18	5.49	596.42	46.13	23.7	15.13	21.45	178.78	102.93	13.6	26.29	39.22	23.08	6.41	55.75	28.85	82.87	3.85	19.27
1/15/2008	34	5.97	5.35	593.94	45.05	22.91	14.98	20.9	169.04	101.83	13.15	25.85	37.88	22.69	6.12	53.78	26.73	80.24	3.75	18.04
1/16/2008	33.23	5.86	5.44	597.76	44.34	21.95	15.53	20.68	159.64	101.63	12.33	25.15	38.69	19.88	6.57	52.55	23.71	80.35	3.6	18.71
1/17/2008	33.11	5.76	5.38	593.14	43	21.22	15.93	20.86	160.89	101.1	11.8	24.33	36.91	19.33	6.34	51.12	23.3	80.12	3.5	18.14
1/18/2008	33.01	5.92	5.31	595.73	43.75	20.78	15.92	21.08	161.36	103.4	11.8	24.3	35.97	19	7.07	51.44	24.84	79.76	3.6	18.21
1/22/2008	31.96	5.93	5.64	590.51	42.72	19.86	15.15	20.25	155.64	101.22	11.05	23.48	37.39	18.61	6.83	50.06	23.6	78.48	3.5	18.12
1/23/2008	31.93	6.3	5.65	591.5	43.19	20.01	14.82	20.12	139.07	106.1	11.7	24.03	40.57	19.98	7.56	48.56	24.03	73.97	3.35	18.94
1/24/2008	33.25	6.26	5.66	589.02	44.89	21.69	16.12	21.09	135.6	106.91	11.1	25.11	39.9	20.69	7.58	47.49	25.87	77.67	3.5	19.65
1/25/2008	32.94	6.58	5.58	587.05	43.74	21.94	16.43	20.06	130.01	104.52	12.05	24.2	39.48	20	7.15	46.69	24.95	77.6	3.47	19.36
1/28/2008	32.72	6.67	5.39	586.25	43.8	20.78	16.65	20.35	130.01	104.98	11.9	24.1	41.2	20.29	7.46	46.95	24.65	75.82	3.49	19.63
1/29/2008	32.6	6.69	5.43	585.01	43.38	20.81	16.95	20.56	131.54	106.1	12.1	24.06	41.94	20.5	7.61	48.28	25.41	73.95	3.6	20.45
1/30/2008	32.2	6.75	5.35	585.74	43.54	19.05	17.55	20.43	132.18	105.65	12.35	24.36	42.21	20.69	7.61	47.5	25.19	74.21	3.75	19.75
1/31/2008	32.6	6.64	5.46	587.51	43.72	19.18	17.5	20.04	135.36	107.11	14.45	24.5	44.15	21.1	7.59	47.5	24.59	77.7	3.8	19.93
2/1/2008	30.45	6.85	5.5	589.87	44.42	28.38	17.49	20.35	133.75	109.08	14.5	24.94	45.03	21.77	8	46.3	26.86	74.63	3.9	20.3
2/4/2008	30.19	6.68	5.55	583	44.06	29.33	17.26	20.02	131.65	107.93	14.45	23.82	44.03	21.2	7.92	44.56	26.02	73.95	4.05	19.74
2/5/2008	29.07	6.43	5.25	579.76	42.98	28.98	16.53	19.12	129.36	105.02	13.5	23.26	42.37	20.12	7.21	43.28	24.39	72.09	4.07	18.98
2/6/2008	28.52	6.31	5.26	585.74	42.16	28.57	16.78	19.07	122	103.59	12.95	23.08	42.33	19.92	6.74	42.82	24.31	68.49	4.1	18.66
2/7/2008	28.12	6.17	5.16	583.09	40.5	29.04	16.33	19.43	121.24	102.34	13	23.38	43.37	20.05	6.59	44.04	24.55	70.91	4.05	19.29
2/8/2008	28.56	6.08	5.34	582.35	41.88	29.2	16.37	19.45	125.48	103.27	13.05	23.54	42.16	20.27	6.34	42.99	24.99	73.5	4.05	19.13
2/11/2008	28.21	6.39	5.36	569.97	42.63	29.87	16.81	19.93	129.45	105.14	13.25	23.52	42.14	20.68	6.28	43.5	25.07	75.19	4.3	19.36
2/12/2008	28.34	6.46	5.27	572.99	42.88	29.57	16.81	19.71	124.86	106.53	13.95	23.43	42.82	20.9	6.41	43.66	26	74.45	4.59	19.34
2/13/2008	28.96	6.58	5.1	576.65	44.05	29.88	17.39	20.31	129.4	108.42	14.2	24.06	43.33	21.21	6.7	44.81	27.02	77.73	4.8	19.92
2/14/2008	28.5	6.46	5.38	577.49	43.26	29.98	17.21	19.81	127.46	106.13	14.1	23.53	42.24	20.46	6.53	44.88	22.61	75.8	4.5	19.35
2/15/2008	28.42	6.45	5	576.28	43.87	29.66	17.02	19.57	124.63	106.16	13.95	23.3	42.7	20.11	6.45	44.78	22.27	72.96	4.65	19.34
2/19/2008	28.17	6.48	4.95	572.05	43.95	29.01	16.89	19.28	122.18	105	13.65	22.88	42.67	20.16	6.5	46.96	21.94	72.08	4.7	19.06
2/20/2008	28.22	6.41	5.21	567.85	47.44	28.83	17.32	19.75	123.82	107.85	13.6	23.2	42.97	20.38	6.83	46.73	21.78	73.64	4.5	19.18
2/21/2008	28.1	6.23	5.11	570.56	46.83	28.42	17.24	19.27	121.54	106.93	13.38	23.19	42.21	20.3	6.96	46.58	21.29	69.9	4.65	18.48
2/22/2008	27.68	6.25	4.9	566.76	47.4	28.42	17.25	19.54	119.46	108.07	13.6	23.6	42.6	19.82	6.71	46.77	22.32	72.08	4.9	18.5
2/25/2008	27.84	6.46	5.03	562.51	48.13	28.13	17.54	20.14	119.74	110.08	13.75	23.8	42.94	19.94	6.97	47.98	22.31	73.27	4.95	19.25
2/26/2008	28.38	6.52	4.96	551.1	49.2	28.22	17.52	20.48	119.15	114.38	13.9	24.07	42.72	20.69	7.13	48.91	22.5	71.69	4.95	18.35
2/27/2008	28.26	6.6	5	548.65	48.94	28.37	17.7	20.77	122.96	116.46	13.9	24.95	42.88	20.77	7.28	49.65	22.85	70.87	5.05	18.06
2/28/2008	27.93	6.62	4.87	540.33	48.55	28.15	17.21	20.87	129.91	115.24	14.25	24.66	41.42	20.49	7.02	48.84	21.99	67.85	5.15	17.84
2/29/2008	27.2	6.53	4.71	537.29	47.77	27.78	16.4	19.9	125.02	113.86	13.75	24.39	39.74	19.97	7.21	47.21	21.39	64.47	5.19	16.98
3/3/2008	26.99	6.18	4.65	533.99	47.6	27.77	16.38	19.94	121.73	114.23	14	24.4	39.18	20.01	6.76	46.7	21.14	62.43	5.1	17.22
3/4/2008	27.59	6.13	4.78	536.12	48.45	28.06	16.43	19.67	124.62	115.71	13.55	24.29	38.78	20	6.76	46.69	20.93	65.34	5.26	17.48
3/5/2008	28.12	6.12	4.76	551.05	48.31	28.67	16.46	19.79	124.49	115.39	13.5	24.27	37.55	20.2	6.84	46.78	21.17	64.99	5.3	17.32
3/6/2008	27.57	5.94	4.52	540.3	47.78	28.7	16.01	19.43	120.93	112.52	12.75	23.94	36.52	19.87	6.49	45.68	19.84	62.74	5.25	16.96
3/7/2008	27.87	5.78	4.55	548.29	47.31	29.03	16	19.35	122.25	113.94	12	24.11	36.74	20.07	6.49	44.32	19.55	64.09	5	16.83
3/10/2008	28.05	5.6	4.57	554.21	46.71	28.51	15.94	19.12	119.69	114.01	11.65	23.99	35.31	20.12	6.16	42.81	18.43	63.47	5	16.82
3/11/2008	29.28	5.9	4.6	553.69	47.92	29	16.92	19.83	127.35	116.49	12.7	25.15	37.72	21.2	6.48	44.83	19.04	67.15	5.2	17.31
3/12/2008	28.63	5.7	4.6	554.09	47.27	28.45	16.96	19.69	126.03	117.07	13	25.14	37.03	21.12	6.43	43.36	18.52	66.51	5.25	17.23
3/13/2008	28.62	5.39	4.73	551.1	47.02	27.5	16.79	19.85	127.94	115.91	12.8	24.95	37.14	21.28	6.73	43.31	19.7	68.32	5.05	16.92
3/14/2008	27.96	5.29	4.73	551.72	45.92	26.71	16.4	19.4	126.61	115.23	12.6	24.32	35.69	20.66	6.38	41.86	18.32	68.22	5.02	17.39
3/17/2008	28.3	5.11	4.94	552.09	46.42	25.85	16.26	19.39	126.73	115.55	11.75	24.29	35.96	20.85	6.34	40.88	17.86	66.53	4.9	16.84
3/18/2008	29.42	5.29	5.33	549.85	47.93	27.66	16.69	20.32	132.82	118.41	11.75	25.58	38.93	21.75	6.39	41.85	18.97	71.7	4.87	17.05
3/19/2008	28.62	5.45	5.13	529.91	46.59	27.07	15.67	19.51	129.67	116.94	11.8	24.47	38.56	21.09	6.15	41.04	17.66	70.17	4.82	16.62
3/20/2008	29.18	5.62	5.47	535.32	46.5	27.66	16.02	20.01	133.27	118.33	11.8	24.77	41.86	21.75	6.11	41.9	18.52	73.19	4.4	16.71
3/24/2008	29.17	5.96	5.75	526.11	47.93	27.52	16.37	20.56	139.53	119.06	11.8	25.64	42.45	22.13	6.21	41.83	20.03	75.95	4.45	17.79
3/25/2008	29.14	6	6	524.04	48.26	28.73	16.38	20.42	140.98	117.97	12.6	25.75	40.97	22.27	6.3	42.68	20.32	75.17	4.4	18.21
3/26/2008	28.56	5.87	6.04	516.25	47.34	28.49	16.47	20.16	145.06	116.91	12.4	24.78	39.84	21.86	6.22	41.88	19.67	73.8	4.6	17.8
3/27/2008	28.05	5.83	5.86	514.18	46.64	28.09	15.91	19.47	140.25	115.52	12.5	24.18	38.64	21.09	6.16	40.84	19.39	70.8	4.6	17.58
3/28/2008	27.91	5.59	5.84	517.54	46.09	28.99	15.72	19.61	143.01	114.57	12.75	24.08	38.07	20.79	5.91	40.64	19.68	69.76	4.45	17.22
3/31/2008	28.38	5.72	5.96	498.74	45.66	28.93	15.53	19.92	143.5	115.14	12.75	24.09	37.91	21.18	5.89	40.07	19.79	71.3	4.3	17.67
4/1/2008	29.5	5.97	5.95	488.52	47.59	28.5	16	20.33	149.53	116.49	13.45	24.98	40.86	21.97	6.07	41.73	21	76.7	4.35	18.7
4/2/2008	29.16	6.13	6.04	484.58	47.23	27.82	15.96	19.95	147.49	114.81	13.15	24.96	40.3	21.85	6.19	41.97	20.36	77.37	4.45	18.64
4/3/2008	29	6.46	6.11	487.2	46.96	28.13	15.95	20.12	151.61	116.02	13.6	24.23	40.37	21.93	6.26	42.11	19.98	74.94	4.5	18.81
4/4/2008	29.16	6.49	5.94	495.85	46.4	28.36	16	19.53	153.08	115.76	13.7	24.39	39.41	21.87	6.23	41.9	18.78	76.87	4.3	18.54
4/7/2008	29.16	6.73	5.92	498.53	45.92	27.7	15.78	19.23	155.89	116.31	13.7	23.94	39.5	21.75	6.34	42.47	19.23	76.9	4.4	18.61
4/8/2008	28.75	6.91	5.88	498.53	46.07	27.7	15.26	19	152.84	116.27	13.8	23.96	38.38	21.08	6.03	40.56	19.12	77.3	4.4	18.59
4/9/2008	28.89	6.72	5.76	492.48	46.09	27.77	15.38	18.69	151.44	116.77	13.12	23.53	37.93	21.42	6.26	40.32	19.5	74.39	4.4	18.38
4/10/2008	29.11	6.74	5.8	496.77	46.57	28.59	15.3	18.77	154.55	118.78	13.65	24.04	37.69	22.08	6.27	40.91	19.88	74.83	4.4	18.51
4/11/2008	28.28	6.69	5.72	498.46	45.47	28.34	15.21	18.5	147.14	116	13.95	23.38	36.94	21.24	6.01	40.76	18.53	71.99	4.35	18.12
4/14/2008	28.06	6.78	5.66	499.06	45.82	27.8	15.17	18.24	147.78	117.28	13.9	23.31	35.58	20.69	5.86	39.86	17.91	72.61	4.35	18.01
4/15/2008	28.25	6.88	5.64	497	45.82	28.17	14.88	18.28	148.38	117.17	14.25	23.11	35.58	20.91	5.78	39.8	18.12	72.5	4.4	18.17
4/16/2008	28.95	7.19	5.72	491.46	47.1	28.31	15.14	18.72	153.7	120.47	14.45	23.83	36.98	22.13	6.07	41.84	18.84	74.59	4.4	18.69
4/17/2008	29.22	7.26	5.83	491.72	47.31	28.03	15.24	19.05	154.49	123.08	15.1	23.89	37.47	22.11	6.19	42.39	18.58	74.04	4.5	18.85
4/18/2008	30	7.45	6.05	488.29	48.18	28.43	15.49	19.47	161.04	124.4	15.75	24.51	38.56	22.55	6.11	43.58	19.02	80.1	4.4	19.47
4/21/2008	30.42	7.73	5.96	477.54	48.45	28.55	15.78	19.56	168.16	124.35	15.35	24.89	37.61	22.46	6.14	44.36	19.87	80.18	4.6	19
4/22/2008	30.25	7.65	5.89	475.12	48.17	28.54	15.61	19.05	160.2	123.67	14.75	24.92	37	21.99	5.96	43.03	19.5	79.6	4.6	18.33
4/23/2008	31.45	7.52	5.9	472.14	48.02	28.08	15.42	19.05	162.89	123.6	15.2	25.44	36.86	22.56	5.92	43.8	20.44	81	4.7	18.55
4/24/2008	31.8	8.4	6.25	470.94	48.35	27.3	15.64	19.14	168.94	124.19	15.7	26.03	37.87	22.69	6.03	44.02	19.95	77.69	4.7	18.61
4/25/2008	29.83	7.5	6.35	463.97	47.45	26.8	15.52	19.11	169.73	123.08	15	25.6	38.3	22.56	6.06	45.63	20.15	80.86	4.65	18.51
4/28/2008	28.99	8.21	6.83	458.62	47.59	26.43	15.62	18.87	172.24	121.69	15.05	25.35	38.18	22.71	6	45.92	19.79	81.97	4.65	18.55
4/29/2008	28.64	8.12	6.79	461.3	47.84	27.36	15.66	18.97	175.05	122.85	15.25	25.51	37.86	22.62	6.02	45.94	20.2	80.74	4.65	18.3
4/30/2008	28.52	8.26	6.23	457.52	46.35	27.41	15.66	18.63	173.95	120.7	15.5	25.64	37.54	22.26	5.96	45.79	20.55	78.63	4.65	17.89
5/1/2008	29.4	8.48	6.8	453.01	48.03	26.81	16.33	19.08	180	123.61	15.65	26.67	39.39	23.29	6.22	46.6	21.5	79.36	4.7	17.22
5/2/2008	29.24	8.27	6.45	455.76	48.36	28.67	12.64	19.32	180.94	123.18	16.16	26.75	39.79	23.58	6.16	47.59	22.52	77.31	4.75	16.87
5/5/2008	29.08	8.33	6.62	461.67	48.28	24.37	12.97	19.1	184.73	122.03	15.8	26.28	38.97	23.25	6.53	46.81	21.96	75.92	4.75	16.87
5/6/2008	29.7	8.27	6.78	464.75	48.64	25.72	12.98	19.19	186.66	122.82	15.75	26.33	39.24	23.58	7.12	47.3	22.53	75.71	4.79	17.22
5/7/2008	29.21	7.96	6.52	466.06	48.65	25.64	12.83	18.9	182.59	124.14	14.5	25.78	38	23.17	6.91	46.22	22.01	73.18	4.7	16.54
5/8/2008	29.27	8.2	6.55	468	49.06	26.22	12.95	18.84	185.06	124.92	15.25	25.7	37.33	23.4	6.93	45.6	21.95	72.79	4.7	16.55
5/9/2008	29.39	8.1	6.48	471.37	49.13	25.93	13.04	19.03	183.45	124.06	15.76	25.49	36.65	23.37	6.94	44.74	22.53	72.41	4.6	17.14
5/12/2008	29.99	8.15	6.57	468.73	46.83	25.26	13.3	19.37	188.16	125.24	16	25.84	37.44	23.64	7.16	45.3	21.89	74.53	4.6	17.05
5/13/2008	29.78	8.23	6.63	465.24	44.27	26.56	12.77	20	189.96	126.58	16	25.89	36.61	23.76	7.19	46.06	21.44	74.56	4.65	16.94
5/14/2008	29.93	8.14	6.45	460.41	45.64	27.14	13.17	20.06	186.26	127.52	16	25.75	36.8	23.84	7.16	49.93	22.07	74.2	4.65	16.93
5/15/2008	30.45	8.17	6.63	443.97	46.73	27.75	13.49	20.63	189.73	128.46	16.55	26.5	36.71	24.97	7.41	50.53	23.78	76.12	4.7	17.34
5/16/2008	29.99	8.11	6.58	445.28	47.29	27.66	13.42	21.31	187.62	127.82	16.45	26.51	36.17	25	7.26	49.5	24.41	76.46	4.7	17.15
5/19/2008	29.46	8.02	6.38	444.89	46.71	27.68	13.48	21.2	183.6	126.49	17.19	26.37	36.1	24.88	7.1	49.7	23.9	82.29	4.7	16.95
5/20/2008	28.76	8	6.13	460	46.46	27.48	13.16	20.57	185.9	125.18	16.39	25.85	35.39	24.09	7.12	48.74	23.28	80.72	4.7	16.98
5/21/2008	28.25	7.8	5.78	462.28	44.8	27.33	13.13	20.01	178.19	123.62	16.6	25.37	34.63	23.66	7.08	47.63	23.09	78.3	4.7	16.24
5/22/2008	28.47	7.16	6.17	458.58	44.9	27.53	13.14	20.89	177.05	124.7	16.79	25.58	34.73	23.88	7.07	48.57	23.65	79.26	4.7	15.76
5/23/2008	28.05	6.87	6.09	453.94	44.96	27.72	12.81	21.19	181.17	124.2	15.09	25.1	33.93	23.41	6.88	48.05	23.11	78.35	4.7	15.5
5/27/2008	28.44	6.8	6.09	456.61	45.7	27	13.05	21.49	186.43	127.32	15.7	25.59	34.17	23.6	6.92	48.02	23.36	80.62	4.7	15.59
5/28/2008	28.18	6.78	6.08	457.1	46.52	27.16	13.07	21.69	187.01	129.54	16	25.54	33.87	23.47	6.82	47.69	23.58	80.08	4.65	15.39
5/29/2008	28.31	6.71	6.45	450.36	46.91	27.07	13.08	21.81	186.69	129.71	15.08	26.21	34.6	23.14	6.77	48.43	23.52	80.35	4.82	15.51
5/30/2008	28.32	6.8	6.23	451.14	47.06	26.76	12.95	23.06	188.75	129.43	14.85	26.72	34.01	23.18	6.88	50.39	24.7	81.62	4.7	15.32
6/2/2008	27.8	6.64	6.01	453.73	46.25	26.4	12.94	22.79	186.1	127.36	15.1	26.35	33.58	23.2	6.8	51.37	24.8	80.23	4.85	15.16
6/3/2008	27.31	6.68	6.04	452.21	46.24	26.15	12.41	23.47	185.37	127.84	15	26.34	33.31	22.94	6.81	50.83	23.96	80.11	4.75	14.21
6/4/2008	27.54	6.46	6.05	443.05	46.81	26.85	12.43	23.89	185.19	127.55	15.15	26.76	31.99	23.48	7.19	51.81	24.24	81.5	4.75	14.56
6/5/2008	28.3	6.4	6.32	445.64	48.51	26.36	12.56	24.02	189.43	128.47	15.1	27.54	31.99	23.87	7.78	51.9	24.85	84.51	4.98	14.48
6/6/2008	27.49	6.04	6.07	436.24	47.63	26.44	12.31	23.74	185.64	124.94	14.7	26.54	30.5	22.9	7.43	50.3	24.06	80.63	4.8	14.21
6/9/2008	27.71	6.36	5.9	439.85	47.63	26.58	12.15	24.15	181.61	125.86	14.7	26.43	29.61	22.76	7.68	49.73	23.69	79.43	4.75	13.57
6/10/2008	27.89	6.12	6.12	444.8	47.57	26.4	11.87	23.6	185.64	125.94	14.37	26.36	29.62	22.68	7.43	48.97	22.29	79.62	4.75	13.43
6/11/2008	27.12	5.97	5.98	446.72	46.48	26.15	11.66	23.45	180.81	123.25	13.75	25.65	28.85	21.81	6.96	47.83	21.25	77.28	4.75	12.63
6/12/2008	28.24	6	5.65	437.34	46.97	23.52	11.42	23.78	173.26	123.85	13.55	25.96	29.44	22.05	7.14	47.82	21.38	76.15	4.8	12.97
6/13/2008	29.07	6.27	5.67	427.69	47.45	23.47	11.72	24.42	172.37	126.15	13.74	26.37	29.78	22.66	7.52	48.66	21.31	79.17	4.8	12.83
6/16/2008	28.93	6.5	5.49	427.9	47.58	23.54	11.96	24.45	176.84	126.71	13.82	26.27	30.32	22.86	7.71	49.36	21.02	81.7	4.8	13.21
6/17/2008	28.8	6.6	5.2	430.17	47.34	23.25	11.62	24.15	181.43	125.1	13.9	25.97	29.24	22.58	7.72	49.41	20.51	82.97	4.75	13.37
6/18/2008	28.46	6.22	5.21	430.25	46.59	22.91	11.43	23.89	178.75	124.16	13.95	25.28	28.37	22.28	7.29	48.72	19.91	82.52	4.8	12.91
6/19/2008	28.93	6.32	5.25	442.6	46.59	22.73	11.58	24.34	180.9	125.02	13.75	25.52	28.14	22.85	7.33	48.45	19.86	84.26	4.8	13.03
6/20/2008	28.23	5.81	5.07	438.17	45.64	21.99	11.18	23.4	175.27	122.74	13.85	24.64	27.1	22.37	6.99	46.19	19.76	81.1	4.8	12.41
6/23/2008	27.97	5.28	4.95	424.69	45.51	21.45	11.14	23.41	173.16	123.46	13.85	24.55	25.88	22.36	6.55	46.56	19.35	80.68	4.8	12.34
6/24/2008	27.73	5.32	5.05	424.3	45.04	22.04	11.6	23.04	173.25	123.46	14	24.48	26.62	22.41	6.24	45.8	19.99	79.64	4.7	14.03
6/25/2008	28.35	5.24	5.02	414.4	45.6	22.01	11.53	23.55	177.39	124.58	14.15	24.7	26.61	22.65	6.43	46.22	20.1	80.51	4.6	15.12
6/26/2008	27.75	5.07	4.96	410.39	44.67	21.37	11.02	22.52	168.26	121.13	14.25	23.82	24.81	21.59	6.13	45.55	19.07	76.3	4.55	14.76
6/27/2008	27.63	4.98	4.92	402.49	44.58	21.33	10.96	22.25	170.09	120.05	14.05	23.61	24.59	21.49	5.95	43.91	19.28	74.66	4.5	14.51
6/30/2008	27.51	4.81	4.64	396.63	44.21	20.66	10.88	21.88	167.44	118.53	13.59	23.26	23.87	21.48	5.83	43.74	18.72	73.33	4.5	14.43
7/1/2008	26.87	4.71	4.65	409.61	44	20.2	10.74	22.18	174.68	119.27	13.4	23.15	23.81	21.57	5.65	43.2	18.75	73.62	4.5	14.29
7/2/2008	25.88	4.36	4.58	408.49	43.61	20.88	10.66	22.7	168.18	119.1	13.55	22.84	22.54	20.93	5.44	42.6	18.03	71.44	4.4	13.83
7/3/2008	25.98	4.42	4.64	418.99	43.44	21.35	10.63	22.81	170.12	119.54	13.9	23.12	22.4	20.66	5.3	42.97	12.49	72	4.3	13.95
7/7/2008	26.03	4.47	4.61	421.59	44	23.91	10.79	22.97	175.16	121.5	14.05	22.57	21.53	20.71	5.38	42.95	12.1	72.49	4.3	13.89
7/8/2008	25.85	4.9	4.68	424.14	43.45	24.64	10.38	22.63	179.55	123.88	13.7	22.88	23.54	20.92	5.53	41.95	12.03	75.04	4.41	14.23
7/9/2008	25.23	4.95	4.54	425.32	42.21	23.82	9.86	21.6	174.25	120.4	13.8	21.58	22.06	19.81	5.06	40.42	11.82	70.61	4.35	13.44
7/10/2008	25.45	4.58	4.49	415.77	41.45	23.5	9.77	22.35	176.63	123.18	14.3	22.13	22.36	20.62	4.96	41.17	11.79	70.63	4.3	13.53
7/11/2008	25.25	4.86	4.55	409.29	41.59	23.57	9.11	22.31	172.58	122.12	14.1	21.82	21.67	20.64	4.84	40.46	11.67	68.54	4.35	13.5
7/14/2008	25.15	4.66	4.36	405.68	41.79	22.57	8.78	22.2	173.88	121.54	13.85	21.3	20.15	20.47	4.82	40.32	11.14	66.28	4.4	13.28
7/15/2008	26.15	4.65	4.49	407.35	41.65	21.54	8.8	22.64	169.64	123.2	13.46	21.04	18.52	20.71	4.72	40.38	11.26	67.03	4.35	13.24
7/16/2008	27.26	5.49	4.71	420.09	42.34	22.48	9.16	23.1	172.81	125.94	13.72	21.1	22.67	20.91	5.06	41.55	11.32	71.84	4.35	14.24
7/17/2008	27.52	5.49	4.83	414.06	43.23	22.44	9.43	24.37	171.81	126.52	14	21.52	26.5	21.99	5.3	42.26	11.36	72.11	4.3	14.34
7/18/2008	25.86	5.44	4.79	415.16	43.42	22.45	9.48	24.23	165.15	129.89	14.15	21.66	27.49	22.09	4.65	41.45	11.56	69.12	4.3	14.37
7/21/2008	25.64	5.48	4.81	416	43.35	21.67	9.44	23.98	166.29	128.66	14	21.84	28.56	22.09	4.59	41.42	11.63	68.48	4.3	14.28
7/22/2008	25.8	5.84	4.94	416.77	43.53	21.4	9.61	23.76	162.02	130	13.79	21.9	32.35	22.09	4.41	41.5	11.38	67.97	4.3	14.69
7/23/2008	26.43	6.03	5.29	424.84	44.28	20.39	10.52	23.81	166.26	129.52	13.8	22.17	33.44	22.3	4.67	41.06	11.72	70.54	4.2	15.31
7/24/2008	25.44	5.11	5.13	429	43.38	20.53	10.1	23.42	159.03	130	13.9	21.76	30.64	21.67	4.37	41.53	11.03	78.72	4.2	15.24
7/25/2008	26.16	5.05	5.18	432.6	43.71	21.13	10.43	23.47	162.12	128.53	13.85	22.43	29.58	22.01	4.36	40.81	11.56	78.31	4.16	15.39
7/28/2008	25.5	4.75	4.9	435.62	43	20.12	9.94	23.24	154.4	126.25	13.45	21.98	28.06	21.67	4.19	39.93	11.53	75.98	4.2	15.03
7/29/2008	26.11	5.02	5.23	438.77	44.13	20.15	10.21	24.01	157.08	127.66	13.95	22.42	32.22	22.23	4.21	37.68	11.65	78.21	4.17	15.96
7/30/2008	26.23	4.84	5.3	444.32	45.06	20.03	10.27	24	159.88	128.86	13.7	22.17	33.61	22.23	4.23	37.54	11.48	78.21	4.17	15.77
7/31/2008	25.72	4.8	5.06	440.28	44.8	19.89	10.63	24.57	158.95	127.98	14.01	21.99	32.9	22.19	4.21	37.67	11.44	76.34	4.15	14.64
8/1/2008	25.44	4.65	5.36	431.65	43.96	19.8	9.32	24.41	156.66	126.64	14.25	21.99	33.33	22.35	4.28	37.83	10.84	75.75	4.15	14.56
8/4/2008	25.28	4.81	4.68	428.4	43.94	19.38	9.21	25.39	153.23	127.56	13.7	21.99	32.62	22.52	4.48	37.02	10.58	75.71	4.15	15.44
8/5/2008	26.21	5.09	4.65	426.56	45	19.82	9.73	25.11	160.64	128.87	14.09	22.65	33.58	23.02	4.6	38.39	11.19	79.11	4.15	16.21
8/6/2008	27.02	4.94	4.54	417.23	45.15	20	10.19	25.25	164.19	129.16	14.23	23.93	33.45	22.8	4.8	39.47	11.49	78.09	4.15	16.52
8/7/2008	27.39	4.86	4.55	410.4	45.51	20.19	10.51	24.99	163.57	129.05	13.18	23.58	31.52	23.67	5.03	38.49	11.31	76.95	4	16.39
8/8/2008	28.13	5.26	4.98	405.56	45.82	19.9	10.25	25	169.55	128.81	14	24.25	32.25	24.23	5.13	39.28	11	80.51	3.95	16.88
8/11/2008	27.9	5.16	5.33	404.36	45.73	20.26	10.5	25.19	173.56	126.6	14.3	24.62	33.38	24.38	5.11	39.87	11.23	88.09	4.05	17.32
8/12/2008	28.12	5.19	5.23	393.5	45.68	20.43	10.71	25.33	176.73	125.22	13.7	24.5	31.13	24.52	5.21	39.22	11.07	87.25	4.2	16.97
8/13/2008	27.91	4.88	5.6	396.5	45.61	20.36	10.5	25.13	179.3	125.8	13.79	24.31	28.86	24.12	5.15	38.35	12.26	86.69	4.15	16.68
8/14/2008	27.91	5.1	5.5	397.18	45.5	20.28	10.53	25.3	179.32	126.94	14.4	24.67	30.18	24.36	5.3	38.12	13	88.03	4.15	16.27
8/15/2008	27.81	5.11	5.33	398.88	45.59	20.44	10.86	25.06	175.74	126.36	14.49	24.91	30.7	24.26	5.64	38.37	12.96	86.4	4.15	16.49
8/18/2008	27.69	4.89	5.49	396.84	44.6	19.73	10.41	24.63	175.39	124.59	14.05	24.49	29.3	24.01	5.91	39.03	13.22	83.11	4.15	16.16
8/19/2008	27.32	4.72	5.29	390	43.69	19.42	10.18	24.44	173.53	122.56	13.7	24.24	28.08	23.59	5.58	38.15	13.42	81.29	4.15	15.72
8/20/2008	27.29	4.61	5.28	387.5	46.16	19.17	10.04	24.97	175.84	122.51	14.4	24.23	29.29	23.39	5.7	37.66	14.08	82.13	4.15	15.85
8/21/2008	27.18	4.42	5.19	389.54	46.45	19.11	9.94	25.21	174.29	122.99	13.92	24.23	29.04	23.05	5.76	37.76	13.62	83.26	4.2	15.82
8/22/2008	27.84	4.47	5.36	399.01	47.06	19.53	10	25.27	176.79	124.93	14.25	24.71	30.21	23.49	5.81	38.38	13.61	85.26	4.4	16.27
8/25/2008	27.66	4.41	5.22	407.98	46.81	19.09	9.65	25.04	172.55	122.86	14.05	24.21	28.96	22.97	5.93	38.6	13.41	82.85	4.4	15.92
8/26/2008	27.27	4.35	5.17	407.33	46.86	19.09	9.54	25.17	173.64	122.5	14.15	24.11	29.02	23.15	5.93	38.52	13.09	81.76	4.4	16.01
8/27/2008	27.56	4.26	5.14	396.61	46.8	19.37	8.86	25.63	174.67	123.38	14.35	24.37	29.65	23.41	6.07	38.32	13.19	81.73	4.2	16.15
8/28/2008	27.94	4.43	5.81	403.47	47.33	19.65	9.1	25.21	173.74	124.58	14.25	24.66	31.43	23.59	6.25	38.67	13.14	83.42	4.25	16.42
8/29/2008	27.29	4.46	5.61	402.99	46.92	19.38	9	21.73	169.53	121.73	13.65	24.05	31.14	22.87	6.29	38.2	12.64	80.81	4.25	16.19
9/2/2008	27.1	4.51	5.41	401.98	46	18.75	9	20.83	166.19	118.41	12.24	23.75	32.63	22.58	6.34	37.68	12.32	81.41	4.15	15.48
9/3/2008	26.9	4.57	5.1	393.69	45.09	18.76	8.9	20.31	166.96	118.34	12.75	23.31	32.96	21.54	6.15	37.66	11.66	80.77	4.1	15.41
9/4/2008	26.35	4.39	4.94	395.97	44.46	17.75	8.58	20.36	161.22	115	11.94	22.28	30.6	20.52	5.84	36.8	11.5	78.03	4.15	14.74
9/5/2008	25.65	4.41	4.93	391.47	44.96	18.08	8.5	20.41	160.18	114.33	12	22.26	32.23	20.61	5.96	36.06	11.67	79.19	4.15	15.13
9/8/2008	26.12	4.55	5	383.71	45.74	18.26	8.79	20.17	157.92	117.29	12.3	23.37	34.73	20.97	6.07	36.98	11.19	81.16	4	15.5
9/9/2008	26.1	4.4	4.89	385.95	46.01	17.58	8.58	19.3	151.68	115.04	11.85	22.97	32.52	20.33	5.77	35.42	10.81	79.04	3.96	14.96
9/10/2008	26.44	4.47	4.88	389.49	46.76	17.7	8.93	19.31	151.61	118.04	11.7	22.99	32.4	20.16	5.78	35.36	10.82	76.74	3.96	15.12
9/11/2008	27.34	4.68	4.99	384.69	47.19	18.55	9.06	19.18	152.65	119.2	11.33	23.05	33.06	20.19	5.71	34.75	10.3	79.51	3.96	15.52
9/12/2008	27.62	4.91	4.93	383.86	46.97	19.08	9.39	19.04	148.94	118.97	11.3	23.46	33.74	20.16	5.75	34.9	10.19	78.3	3.96	14.08
9/15/2008	26.82	4.74	4.63	381.47	45.33	18.85	8.78	17.99	140.36	115.19	10.5	22.38	26.55	19.36	5.18	33.72	9.3	77.34	3.9	13.69
9/16/2008	25.99	5.07	5.32	379.3	48.41	19.26	8.42	15.98	139.88	116.05	10.95	22.8	29.55	19.48	5.26	33.67	9.59	78.73	3.7	13.69
9/17/2008	24.57	4.94	5.16	392.24	45.75	18.82	7.8	16.19	127.83	111.47	9.5	21.8	27.2	18.55	4.9	32	10	71.54	3.6	12.8
9/18/2008	25.26	5.28	6.27	388.74	47.14	20.82	8.11	17.25	134.09	115.12	10.14	22.8	30.58	19.26	5.3	31.77	10.89	76.5	3.7	15.75
9/19/2008	25.16	5.29	6	379.5	48.26	19.89	8.74	16.63	140.91	118.85	12.43	24.29	37.48	19.23	5.42	32.63	11.41	81	3.5	15.85
9/22/2008	25.4	4.95	5.88	368.91	47.16	18.68	7.69	16.57	131.05	116.21	11.3	23.11	34.15	18.5	4.99	32.29	11.17	74.93	3.5	14.69
9/23/2008	25.44	4.86	5.75	378.11	46.88	18.93	7.76	16.33	126.84	115.36	11.2	22.73	33.3	18.63	4.94	31.34	10.85	71.76	3.45	14.67
9/24/2008	25.72	5.03	5.51	372.5	46.78	19.15	7.82	16.7	128.71	116.46	10.4	22.8	33.07	18.7	4.88	31.77	11.25	69.96	3.45	14.7
9/25/2008	26.61	4.98	5.25	362	47.7	19.2	7.96	16.93	131.93	120.11	10.34	23.48	34.37	18.57	5.23	32.23	11.47	72.08	3.45	15.25
9/26/2008	27.4	4.81	5.66	358.65	47.81	18.92	7.64	17	128.24	119.42	9.22	23.82	36.7	19.2	5.16	32.41	11.69	70.7	3.45	15.04
9/29/2008	25.01	4.17	4.99	368.24	44.55	16.88	6.75	15.41	105.26	114.46	8.3	21.79	30.25	17.27	4.29	30.76	10.1	63.35	3.4	14.38
9/30/2008	26.69	5.2	5.18	369.78	46.24	17.3	7.6	16.48	113.66	116.96	8.6	22.56	35	18.73	5.25	30.87	10.71	72.76	3.4	15.38
10/1/2008	26.48	4.55	5.29	362.5	44.97	16.96	7.49	16.15	109.12	110.13	8.65	21.95	38.13	18.52	4.74	30.5	10.41	69.58	3.4	15.48
10/2/2008	26.25	4.35	5.28	354.09	43.26	15.58	6.91	15.79	100.1	104.74	8.91	21.2	36.37	17.2	4.14	27.92	9.33	67.36	3.3	15.01
10/3/2008	26.32	4.05	5.28	348.06	43	16	6.75	15.25	97.07	103.44	8.58	21.25	34.48	17.31	4.53	27.99	9.03	67	3.25	14.62
10/6/2008	24.91	3.69	5.06	342.69	40.95	15.31	6.6	14.86	98.14	100.62	7.9	20.46	32.22	16.93	4.23	26.46	7.85	65.23	3.1	13.78
10/7/2008	23.23	2.92	4.75	347.7	39.68	14.58	5.91	13.55	89.16	95.65	7.75	18.84	23.77	16.02	4.59	25.3	7.24	58.52	3.1	12.96
10/8/2008	23.01	2.66	4.67	353.29	40	13.76	5.66	13.5	89.79	90.55	7.7	18.34	22.1	16.25	4.05	23.9	7.39	61.02	2.85	13.14
10/9/2008	22.3	2.08	3.85	344.07	38.5	12.65	5.21	13.43	88.74	89	7.68	17.19	19.63	15.6	4.04	23.51	6.92	56	2.6	12.7
10/10/2008	21.5	1.99	3.99	347.17	37	12.29	4.8	13.29	96.8	87.75	6.82	17.23	20.87	15.19	3.81	21.02	6.81	56.25	2.5	12.55
10/13/2008	25.5	2.39	4.47	348.61	41.4	13.49	5.74	15.21	110.26	92.21	8.75	19.27	22.79	16.99	4.21	24.89	8.05	62.02	2.4	13.7
10/14/2008	24.1	2.45	4.29	330.16	40.47	12.65	5.58	14.08	104.08	93.6	8.01	18.54	26.53	15.93	4.27	26.2	7.87	55.86	2.55	13.27
10/15/2008	22.66	2.3	3.83	329.94	38.61	11.75	4.97	12.58	97.95	88.29	7.15	16.57	23.82	14.99	3.91	23.43	7.02	48.72	2.4	12.45
10/16/2008	24.19	2.27	4.07	333.1	39.66	12.99	5.28	13.21	101.89	91.52	7.44	17.75	24.25	15.88	4.12	23.74	7.7	50.29	2.3	11.92
10/17/2008	23.93	2.43	3.83	335.34	39.71	12.9	5.58	13.04	97.4	90.78	6.66	17.91	23.24	15.5	4.21	23.91	7.65	50.65	2.45	12.09
10/20/2008	24.72	2.33	3.77	319.69	41.01	12.86	5.78	13.37	98.44	92.51	6.75	18.96	24.4	16.04	4.11	26.6	7.8	52.97	2.3	12.75
10/21/2008	23.36	2.17	3.74	324.42	38.05	12.07	4.77	12.58	91.49	88.86	6.3	17.86	23.97	15.25	3.91	25.34	7.2	50.23	2.15	12.08
10/22/2008	21.53	2.1	3.58	323.53	35.23	12.39	4.72	11.98	96.87	83.6	6.3	17.41	22.66	14.58	3.62	23.38	6.93	49.99	2.05	11.19
10/23/2008	22.32	2	3.46	317.91	33.15	12.65	4.54	11.99	98.23	84.35	6.41	17.24	23	14.51	3.28	21.46	6.54	50.32	2.05	10.9
10/24/2008	21.96	2.01	3.3	308.17	32.44	12.1	4.48	11.5	96.38	82.07	6.41	16.31	21.07	14.28	3.03	19.82	6.61	48.96	1.95	10.44
10/27/2008	21.18	2.03	3.01	290.89	31.18	11.58	4.44	11.74	92.09	79.66	6.55	16.09	20.53	14.25	2.94	19.18	6.97	49.58	1.8	10
10/28/2008	23.1	2.15	2.85	308.57	35.09	12.36	4.68	13.15	99.91	87.28	6.7	18.31	23.02	15.86	2.84	21.99	8.02	56.04	1.8	11.35
10/29/2008	23	2.16	2.82	305.64	35.4	12.14	4.83	12.13	104.55	88.2	6.06	17.87	22.32	14.94	2.98	21.13	8.28	56.89	1.7	11.09
10/30/2008	22.63	2.28	2.92	318.92	37.69	12.93	5.29	12.25	111.04	90.69	6.35	17.79	22.78	16.17	3.56	22.65	8.63	56.71	1.7	10.22
10/31/2008	22.33	2.19	3.14	325.48	38.28	12.82	4.6	12.2	107.59	92.97	5.65	17.77	24.17	16.03	3.5	23.24	8.76	57.24	1.91	9.18
11/3/2008	22.62	2.13	3.34	327.16	38.61	12.75	4.85	12.61	106.96	92.68	5.95	17.2	23.61	15.64	3.61	23.24	8.44	55.77	2.05	9.61
11/4/2008	23.53	2.16	3.01	337.99	38.24	13.35	4.93	12.93	110.99	93.4	6.35	18.33	24.53	16.26	3.8	24.89	8.98	58.45	2.05	9.91
11/5/2008	22.08	2.09	2.47	337.18	36.25	13.92	4.62	12.77	103.3	89.94	6.6	17.39	21.75	15.06	3.55	24.51	8.51	51.98	2.45	9.34
11/6/2008	20.88	1.98	2.43	341.64	33.64	13.96	4.25	12.03	99.1	85.15	6.51	16.94	20.12	13.87	3.17	21.76	7.62	47.22	2.2	8.47
11/7/2008	21.5	2.02	2.34	345.45	34.64	12.2	4.2	12.55	98.24	86.27	5.8	17.58	20.49	14.63	3.16	23.29	8.72	49.21	2.2	8.83
11/10/2008	21.3	1.93	1.94	330.06	34.17	11.87	4.15	11.86	95.88	83.87	4.95	17.57	19.48	14.35	3.04	23.41	8.16	48.46	2.28	8.3
11/11/2008	21.2	1.8	1.7	346.45	33.25	11.35	4.03	11.33	94.77	82.74	4.58	17.18	18.69	13.93	2.96	22.42	7.8	46.3	2.3	7.92
11/12/2008	20.3	1.84	1.43	342.64	31.14	10.34	3.62	10.5	90.12	79.74	4.41	16.55	17	13.52	2.57	21.11	7.34	41.56	2.3	7.38
11/13/2008	21.25	1.9	2.05	353.11	31.71	11.15	4.08	10.27	96.44	84.21	5.05	17.26	17.1	14.43	2.7	22.01	7.94	44.93	2.35	8.08
11/14/2008	20.06	1.8	1.71	342.66	30.46	10.82	4.12	10.89	90.24	80.33	4.46	16.62	16.42	13.32	2.43	21.12	7.17	41.75	2.35	7.89
11/17/2008	19.32	1.72	1.89	357.68	29.34	10.63	3.61	10.52	88.14	77.48	4.54	16.21	15.03	13	2.5	20.92	7.02	39.69	2.35	7.3
11/18/2008	19.62	1.68	1.92	363.05	33.59	11.55	3.71	10.6	89.91	80.08	4.51	16.45	15.19	13.11	2.5	20.61	6.79	38.44	2.35	7.81
11/19/2008	18.29	1.26	1.69	358.04	33.03	9.14	3.27	10.35	86.29	75.97	4.31	15.08	13.06	12.49	2.12	19	6.23	35.84	2.35	7.03
11/20/2008	17.53	1.39	1.61	358.51	31.83	8.95	3.09	9.81	80.49	71.74	4.06	14.47	11.25	12.23	1.91	18.34	5.9	35.03	2.33	6.84
11/21/2008	19.68	1.43	1.54	378.77	34.64	9.39	3.02	9.3	82.58	74.88	4.6	15.17	11.47	13.11	1.82	19.89	6.38	37.87	2.25	6.93
11/24/2008	20.69	1.56	1.85	371.28	35.7	10.21	3.2	10.14	92.95	79.89	4.8	16.4	14.59	13.56	1.86	20.94	6.8	42.5	2.3	7.47
11/25/2008	19.99	1.66	1.74	353.72	33.6	10.07	3.06	10.42	90.8	80.65	4.66	15.42	14.8	13.13	1.8	20.05	6.99	42.19	2.3	7.49
11/26/2008	20.49	2.15	1.83	343	35.21	10.58	3.11	11.05	95	81.67	4.75	16.39	15.43	13.97	2.13	20.33	7.61	43.96	2.3	7.71
11/28/2008	20.22	2.69	1.88	340.45	35.28	11.51	3.17	11.17	92.67	81.6	4.74	16.54	16.25	13.8	2.36	19.38	7.47	42.7	2.35	7.57
12/1/2008	18.61	2.55	1.44	340.57	33.44	10.74	2.83	10.05	88.93	76.9	4.56	14.96	12.85	12.56	2	18.22	6.83	40.47	2.21	7.08
12/2/2008	19.15	2.7	1.66	338.53	34.27	11.5	3.25	10.52	92.47	79.84	4.9	15.32	14.37	13.28	2.03	19.22	7.21	41.19	2.25	7.29
12/3/2008	19.87	2.85	1.65	343.32	34.82	11.5	3.19	10.55	95.9	80.67	4.75	16.01	15.05	13.66	2.2	19.45	7.58	45.21	2.25	7.19
12/4/2008	19.11	2.66	1.43	348.67	33.39	11.05	3.22	10.27	91.41	77.44	4.47	15.33	14.34	12.77	2.08	18.44	7.08	47.32	2.3	6.95
12/5/2008	19.87	2.72	1.65	331.48	33.53	11.66	3.49	10.71	94	80.59	4.55	15.94	15.24	13.29	2.13	18.94	7.36	48.26	2.35	7.25
12/8/2008	21.01	3.38	1.78	323.87	35.23	12.2	3.83	12	99.72	84.86	4.73	17.25	17.84	13.94	2.1	20.04	7.12	51.41	2.35	7.4
12/9/2008	20.6	3.23	1.99	324.7	34.51	12.19	3.82	11.86	100.06	82.69	4.45	17.16	16.95	14.3	2.27	20.5	7.81	51.25	2.36	7.2
12/10/2008	20.61	3.25	2.11	306.5	35.1	13.4	3.89	12.02	98.21	82.86	5.6	17.33	16.69	14.27	2.2	20.85	8.55	49.7	2.35	6.59
12/11/2008	19.45	2.9	2	303.08	34.78	12.73	4.05	11.69	95	80.58	5.47	16.91	14.91	14.01	2.2	21.04	8.19	48.25	2.45	6.3
12/12/2008	19.36	3.04	2.23	282.75	35.97	13.15	4.09	11.48	98.27	82.2	5.45	16.99	14.93	14.75	2.28	21.23	8.6	51.25	2.6	6.41
12/15/2008	19.04	3.18	1.92	299.67	34.82	12.73	4.01	11.13	94.75	82.77	5.35	16.84	14.11	14.59	2.21	20.99	8.32	48.85	2.6	6.07
12/16/2008	20.11	3.13	2.01	298.99	36.32	13.36	4.27	11.79	95.43	86.4	5.43	17.42	15.1	15.64	2.25	21.34	8.88	52.63	2.45	6.33
12/17/2008	19.66	3.14	2.1	300.97	36.47	13.11	4.19	11.68	89.16	85.84	5.76	16.84	14.62	15.26	2.29	20.78	9.32	53.18	2.5	6.3
12/18/2008	19.3	2.84	2	314.32	35.37	12.72	4.13	11.36	89.43	84	5.7	16.66	13.96	14.26	2.23	20.09	8.46	52.08	2.6	6.09
12/19/2008	19.12	2.95	2.11	312.69	35.4	13.03	4.16	11.09	90	83.52	6.11	16.64	13.8	14.44	2.27	20.09	8.52	51.56	2.6	6.17
12/22/2008	19.18	2.59	1.8	315.07	34.75	12.35	3.91	10.96	85.74	81.99	5.62	16.37	13.53	14.34	2.02	20.09	8.02	49.84	2.65	5.99
12/23/2008	19.28	2.19	1.74	325.19	34.55	12.42	3.8	10.83	86.38	80.6	5.37	16.24	12.75	14.07	1.96	19.66	7.91	51.08	2.75	6.11
12/24/2008	19.17	2.11	1.67	322.01	34.68	12.32	3.82	10.65	85.04	80.52	5.52	16.35	13.53	14.23	1.99	19.88	7.72	51.44	2.75	6.01
12/26/2008	19.13	2.29	1.8	334.06	34.97	12.34	3.82	10.65	85.81	81.33	5.74	16.27	13.36	14.18	2.18	20.34	7.51	51.78	2.75	6.08
12/29/2008	18.96	2.22	1.85	328.05	35.58	11.88	3.85	10.34	86.61	81.25	5.55	16.01	12.94	14.13	2.1	20.96	7.75	49.4	2.75	6.05
12/30/2008	19.34	2.29	1.8	321.32	36.19	11.97	3.86	10.23	86.29	83.55	5.34	16.23	13.24	14.69	2.21	21.55	8.02	50.76	2.83	6.33
12/31/2008	19.44	2.29	2.08	307.65	36.29	12.2	3.82	10.24	85.35	84.16	5.5	16.3	14.08	14.66	2.16	21.87	8.07	51.28	2.84	6.58
1/2/2009	20.33	2.46	2	303.11	36.81	12.85	4.22	10.75	90.75	87.37	5.78	16.96	14.33	15.2	2.38	21.9	8.71	54.36	2.83	6.87
1/5/2009	20.52	2.58	2.34	297.42	36.33	12.86	4.47	10.61	94.58	86.82	5.99	17.11	13.98	14.91	2.67	21.43	8.87	54.06	2.76	7.1
1/6/2009	20.76	2.76	2.63	300.36	39.31	13	4.97	11.05	93.02	89.23	6.75	17.79	14.28	15.37	2.78	22.85	9.17	57.36	2.76	7.44
1/7/2009	19.51	2.69	2.43	302.95	37.84	12.71	5.09	11.15	91.01	87.79	6.4	17.32	13.71	14.44	2.66	23.77	8.62	56.2	2.65	7.34
1/8/2009	20.12	2.69	2.43	298.02	37.64	13.07	4.67	11.27	92.7	87.18	5.04	17.54	13.54	14.55	2.74	24.21	8.4	57.16	2.8	7.49
1/9/2009	19.52	2.63	2.26	297.11	37.49	13.13	4.66	11.12	90.58	84.7	4.49	16.7	12.99	14.15	2.69	23.55	7.93	55.51	2.85	7.35
1/12/2009	19.47	2.64	2.16	310.17	36.98	12.22	4.5	10.65	88.66	85.71	4.3	16.4	11.43	13.79	2.52	23.1	7.61	51.92	2.85	7.29
1/13/2009	19.82	2.48	2.28	310.28	35.83	12.1	4.19	10.76	87.71	85.34	4.32	16.45	10.65	13.67	2.38	22.24	7.65	51.45	2.65	7.46
1/14/2009	19.09	2.26	2	315.24	35.39	12.41	3.91	10.31	85.33	83.19	3.8	15.74	10.2	13.08	2.15	22.32	7.31	48.49	2.67	7.02
1/15/2009	19.24	2.23	2.29	325.28	35.75	11.61	3.96	10.54	83.38	84.12	3.88	15.81	8.32	13.29	2.26	22.56	7.57	51.44	2.8	7.23
1/16/2009	19.71	2.19	2.13	310.67	34.77	11.59	3.97	10.27	82.33	84.92	4	15.82	7.18	13.74	2.29	22.83	7.99	51.59	2.8	7.25
1/20/2009	18.48	2.13	1.84	315.76	33.34	11.01	3.51	9.85	78.2	81.98	3.69	15.01	5.1	12.86	2	21.53	7.21	48.44	2.67	6.76
1/21/2009	19.38	2.09	2.04	300.22	35.11	11.59	3.75	10.2	82.83	91.42	3.92	15.7	6.68	13.26	2.25	22.58	7.56	50.54	2.6	7.13
1/22/2009	17.11	1.94	1.98	308.82	35.49	11.28	3.62	9.98	88.36	90.07	3.73	15.37	5.71	12.82	2.02	19.33	7.42	49.94	2.6	6.91
1/23/2009	17.2	1.8	1.99	305.97	35.79	11.32	3.7	10.14	88.36	89.49	3.59	15.89	6.24	13.12	2.07	20.32	7.71	50.63	2.8	6.58
1/26/2009	17.63	1.94	2	302.11	35.57	11.17	3.78	10.31	89.64	91.6	3.64	16.3	6	13.38	2.01	19.88	7.97	49.63	2.6	6.7
1/27/2009	17.66	1.97	2.04	283.99	35.89	11.34	3.99	10.07	90.73	91.66	3.57	16.73	6.5	13.81	2.14	20.58	8.44	48.44	2.6	6.88
1/28/2009	18.04	2.03	2.17	274.34	37.41	12.24	4.86	10.88	94.2	94.82	3.7	16.88	7.39	14.01	2.35	20.93	8.79	50.36	2.6	7.07
1/29/2009	17.59	1.95	2	279.43	35.93	11.74	4.46	9.95	93	92.51	3.65	15.93	6.78	13.37	2.2	20.27	8.28	50	2.65	4.99
1/30/2009	17.1	1.87	1.92	275.11	34.75	11.73	4.16	9.5	90.13	91.65	3.73	14.97	6.58	12.9	2.19	19.22	7.95	58.82	2.65	4.53
2/2/2009	17.83	1.88	2.05	265.99	34.66	12.15	4.47	9.31	91.51	90.93	3.62	15.31	6	13.63	2.15	19.46	8.38	61.15	2.65	4.5
2/3/2009	18.5	1.96	2.09	292.96	36.1	12.68	4.66	9.77	92.98	93.48	3.95	15.62	5.3	13.73	2.21	19.89	8.48	63.59	2.6	4.5
2/4/2009	18.63	1.95	1.93	292.09	36.03	13	4.97	9.79	93.55	92.83	3.94	15.84	4.7	13.88	2.27	19.97	8.72	61.06	2.6	4.19
2/5/2009	19.04	1.93	1.94	282.05	35.09	13.51	5.48	9.43	96.46	92.41	3.85	16.35	4.84	14.25	2.36	20.65	9.36	63.18	2.75	4.27
2/6/2009	19.66	1.94	2.01	257.44	36.85	13.63	5.73	9.46	99.72	96.14	4.24	17.04	6.13	14.73	2.41	20.88	9.87	66.55	2.6	4.61
2/9/2009	19.44	1.9	2.01	262.43	36.33	13.9	5.76	9.64	102.51	96.82	4.19	16.85	6.89	14.91	2.36	20.44	9.74	66.71	2.8	4.65
2/10/2009	18.8	1.82	2	259.56	35.21	12.75	5.1	9.16	97.83	93.27	4.1	16.05	5.56	14.08	2.11	19.32	9.32	63.31	2.6	4.08
2/11/2009	19.21	1.85	2.56	280.18	35.08	12.63	5.22	9.02	96.82	95.16	4.11	16.17	6.07	14.08	2.15	19.46	8.15	64.35	2.6	4.33
2/12/2009	19.26	1.79	2.68	297.42	35.24	12.66	5.35	9.17	99.27	95.07	4.1	16.2	5.87	14	2.28	19.42	8.32	63.96	2.55	4.21
2/13/2009	19.09	1.76	2.73	300.12	35.87	12.84	5.14	9.12	99.16	93.84	4.14	16.1	5.57	13.88	2.42	18.5	8.31	63.26	2.6	4.05
2/17/2009	18.09	1.69	2.5	310.02	34.34	12.02	5	8.88	94.53	90.67	3.75	15.29	4.9	13.21	2.37	17.36	7.83	61.67	2.6	3.94
2/18/2009	18.12	1.67	2.58	312.08	34.08	12.22	5.03	8.65	94.37	91.51	3.76	15.37	4.57	13.36	2.2	17.21	8.04	62.35	2.6	3.85
2/19/2009	17.91	1.63	2.54	291	31.39	11.98	4.72	8.12	90.64	88.93	3.9	15.04	3.93	12.68	2.12	16.98	7.42	61.95	2.61	3.57
2/20/2009	18	1.58	2.5	311.46	31.24	12.14	4.84	8.41	91.2	88.79	3.8	15.08	3.79	12.78	2.03	16.6	7.61	63.86	2.5	3.6
2/23/2009	17.21	1.73	2.51	318.78	29.28	11.97	4.58	7.99	86.95	84.37	3.68	14.36	3.91	12.08	2.02	15.72	7.26	61.71	2.5	3.32
2/24/2009	17.17	2	2.61	331.14	29.62	12.75	4.94	8.26	90.25	86.4	3.75	14.99	4.73	12.73	2.12	16.78	7.91	65.6	2.7	3.57
2/25/2009	16.96	2.01	2.54	331.22	30.12	12.48	4.86	8.36	91.16	85.9	3.65	14.77	5.16	13.03	2.22	17.06	8	63.71	2.7	3.36
2/26/2009	16.42	1.98	2.51	342.24	30.24	12.98	4.77	8.21	89.19	88.97	3.7	14.49	5.32	12.71	2.09	16.25	8.26	62.34	2.7	3.26
2/27/2009	16.15	2	2.46	366.94	29.03	13.23	4.68	8.53	89.31	92.03	3.62	14.57	3.95	12.74	2.18	16.56	8.28	64.79	2.46	3.19
3/2/2009	15.79	1.88	2.42	346.49	28.07	12.58	4.39	8.43	87.94	89.05	3.44	14.32	3.63	12.31	2.01	16.46	7.58	61.99	2.25	2.68
3/3/2009	15.88	1.81	2.38	359.36	28.17	12.5	4.51	9.15	88.37	87.77	3.53	14.39	3.65	12.28	2.07	17.36	7.88	61.7	2.25	2.7
3/4/2009	16.12	1.87	2.79	359.69	28.65	13.16	4.61	8.88	91.17	89.49	3.8	15.25	3.59	12.76	2.3	18.28	8.46	64.81	2.2	2.94
3/5/2009	15.27	1.81	2.37	358	27.08	12.53	4.19	8.39	88.84	87.48	3.71	14.55	3.17	12.31	2.16	17.51	8.26	64.77	2.1	2.45
3/6/2009	15.28	1.7	2.43	368.75	26.98	13.05	3.95	8.37	85.3	85.81	3.78	14.18	3.14	12.41	2.14	17.25	8.39	61.69	2.15	2.24
3/9/2009	15.15	1.74	2.36	329.49	25.53	12.66	3.84	8.04	83.11	83.48	3.68	13.62	3.75	12.55	2.14	17.58	8.3	60.49	2.05	2.17
3/10/2009	16.48	1.85	2.49	339.29	27.04	13.23	4.2	8.76	88.63	87.25	3.89	14.64	4.79	13.92	2.32	18.31	9.05	65.71	2.05	2.3
3/11/2009	17.11	1.96	2.56	352.32	28.61	13.39	4.56	8.98	92.68	88.62	3.95	15.02	4.93	13.96	2.31	18.38	9.3	68.54	2.08	2.31
3/12/2009	17.01	2.1	3.03	355.67	29.34	13.6	4.67	9.44	96.35	90.4	3.97	15.51	5.85	14.52	2.4	18.5	9.85	69.58	2.29	2.78
3/13/2009	16.65	2.19	3.05	362.75	29.45	13.51	4.78	9.37	95.93	90.36	3.9	15.51	5.76	14.7	2.52	19.38	9.8	68.63	2.3	3.58
3/16/2009	16.25	2.1	2.91	379.32	29.02	13.22	4.7	8.9	95.42	91.22	4.32	15.45	6.18	14.25	2.48	19.49	9.42	66.98	2.3	3.24
3/17/2009	16.9	2.28	2.86	372.54	29.75	13.99	4.97	9.34	99.66	92.91	4.46	16.14	6.27	14.9	2.76	20.45	9.89	71.35	2.3	3.4
3/18/2009	16.96	2.47	2.9	353.02	28.99	13.42	8.89	9.62	101.52	91.95	4.73	16.5	7.67	15.24	2.97	20.87	10.2	71.25	2.3	3.68
3/19/2009	17.14	2.51	2.83	339.17	29.1	13.74	8.63	10.04	101.62	92.66	4.6	16.23	6.93	15.15	2.96	20.52	10.08	70.1	2.2	3.75
3/20/2009	17.06	2.75	2.85	362.71	28.85	13.6	8.1	9.88	101.59	92.51	4.55	15.91	6.19	14.65	2.67	19.93	9.53	69.96	2.17	3.76
3/23/2009	18.33	2.9	3	381.02	31.19	14.09	7.94	10.45	107.66	98.71	4.82	16.98	7.8	15.52	3.02	21.69	10.22	75.58	2.15	4
3/24/2009	17.93	2.86	2.75	332	30.62	13.63	8.06	10.41	106.5	98.3	4.88	16.68	7.22	15	3.14	21.4	9.78	72.81	2.15	3.95
3/25/2009	17.88	2.77	3	328.98	31.01	13.55	7.85	10.17	106.49	97.95	4.81	16.57	7.7	14.94	3.17	21.62	9.94	72.4	2.1	4.14
3/26/2009	18.83	2.94	3	338.11	33.2	13.35	8.2	10.35	109.87	98.78	4.98	17.31	7.58	15.82	3.56	22.86	10.56	73.69	2.1	4.25
3/27/2009	18.13	2.84	3.03	346.01	33.33	13.18	7.83	9.95	106.85	94.15	4.99	16.95	7.34	15.42	3.37	22.27	10.46	70.52	2.12	4.16
3/30/2009	17.48	2.76	3.17	371.21	32.12	12.7	7.24	9.49	104.49	94.52	4.58	16.31	6.03	14.72	3.19	20.75	9.79	71.44	2.12	3.94
3/31/2009	18.37	2.63	3.5	386.91	32.06	12.81	7.32	9.48	105.12	96.89	4.62	16.77	6.82	15.03	3.05	20.63	9.86	73.44	2.12	3.8
4/1/2009	19.31	2.74	3.77	390.49	32.88	12.75	8	9.52	108.69	97.61	4.86	17.46	7.05	15.03	3.02	22.33	10.11	73.5	2.12	4.18
4/2/2009	19.29	2.91	3.85	411.72	33.69	12.95	8.21	9.5	112.71	100.82	5.36	18.14	7.24	15.7	3.16	24.35	10.58	76.34	2.18	4.4
4/3/2009	18.75	3.25	4.33	400.52	34.15	13.34	8.49	10.32	115.99	102.22	5.35	18.16	7.6	15.95	3.43	24.23	11.32	78.17	2.45	4.37
4/6/2009	18.76	3.77	4.29	381	33.76	13.23	6.56	10.33	118.45	101.56	5.74	17.53	7.48	15.86	3.53	23.83	11.35	77.99	2.45	4.09
4/7/2009	18.76	3.49	3.95	431.04	33.31	12.81	6.28	9.83	115	98.75	5.43	16.85	7.36	15.45	3.44	23.64	10.96	75.51	2.35	3.98
4/8/2009	19.19	3.95	4.22	439.6	33.06	12.92	6.66	10.2	116.32	101.19	4.95	17.13	7.06	15.27	3.68	23.36	11.41	76.98	2.2	3.92
4/9/2009	19.67	4.24	4.52	435.11	34.43	13.47	6.68	10.76	119.57	101.7	5.07	17.82	9.55	15.98	3.75	25.99	12.04	79.77	2.3	4.31
4/13/2009	19.59	4.26	4.32	429.27	34.52	14.42	6.42	10.45	120.22	99.95	5.16	17.89	11.02	15.98	3.61	25.84	11.65	78.94	2.3	4.32
4/14/2009	19.35	4.3	4.15	430.14	34.12	14.07	6.23	10.47	118.31	99.27	5.27	17.93	10.09	16.01	3.63	25.4	11.72	77.22	2.25	4.18
4/15/2009	18.83	4.04	4.26	449.15	34.85	14.02	6.13	10.2	117.64	98.85	6	17.56	10.44	15.62	3.44	25	11.39	74.71	2.15	4.21
4/16/2009	19.76	4.16	4.39	439.08	36.6	14.43	6.4	10.88	121.45	101.43	5.84	18.08	10.34	15.89	3.57	25.19	11.68	77.25	2.15	4.34
4/17/2009	19.2	4	4.53	414.49	36.3	14.39	6.69	11.06	123.42	101.27	6.02	17.99	10.6	15.6	3.56	26.37	11.76	78.05	2.25	4.39
4/20/2009	18.61	3.69	4.16	442.93	34.68	13.66	9.15	10.31	120.5	100.43	5.75	17.31	8.02	15	3.31	25.7	11.05	77.57	2.25	4.06
4/21/2009	18.97	3.8	4.4	433.86	35.43	14.38	9.21	10.55	121.76	102.31	5.61	17.69	8.76	15.36	3.36	26.23	11.02	78.74	2.25	4.2
4/22/2009	18.78	4.28	4.32	437.66	34.68	14.48	9.15	10.63	121.51	102.55	5.48	17.44	8.26	15.67	3.33	25.53	11.35	79.2	2.25	4.19
4/23/2009	18.92	4.49	4.23	433.75	34.76	14.55	9.21	10.72	125.4	101.42	5.87	17.62	8.82	15.53	3.53	25.88	11.17	80.61	2.15	3.95
4/24/2009	20.91	5	4.26	414.16	35.8	14.73	9.2	11.05	123.9	100.08	6.09	18.42	9.1	15.62	3.51	26.61	11.43	84.46	2.15	4.09
4/27/2009	20.4	5.11	4.16	418.66	35.45	13.89	9.15	11.09	124.73	99.95	5.4	18.37	8.92	15.28	3.47	26.31	11.02	83.12	2.11	3.95
4/28/2009	19.93	5.19	4.24	419.94	35.42	13.64	9.16	10.88	123.9	101.94	5.54	18.67	8.15	15.05	3.41	25.77	11.05	82.4	2.11	3.75
4/29/2009	20.25	5.45	4.33	444.25	36.45	14.02	9.15	11.25	125.14	104.04	5.69	19.25	8.68	15.35	3.51	26.14	10.88	79.79	2.11	3.64
4/30/2009	20.26	5.98	4.2	450.26	35.98	14.29	9.16	11.62	125.83	103.21	5.68	19.32	8.93	15.78	3.61	25.86	11.48	80.52	2.11	3.05
5/1/2009	20.24	5.69	3.98	464.41	36.52	14.14	9.16	11.85	127.24	104.61	5.73	19.58	8.7	15.81	3.82	26.41	11.67	78.96	2.3	2.83
5/4/2009	20.19	5.88	4.12	465.25	37.14	14.18	9.13	12.28	132.07	106.19	6.2	19.5	10.38	16.66	4.26	27.23	12.3	79.77	2.25	3.09
5/5/2009	19.79	5.85	4.03	463.29	36.8	14.74	9.11	11.86	132.71	105.85	6.4	19.63	10.84	16.16	4.32	27.25	11.8	81.9	2.4	3.15
5/6/2009	19.79	6.26	4	473.78	36.33	14.85	9.11	11.89	132.5	104.62	6.6	19.61	12.69	16.12	4.31	27.74	11.56	81.99	2.4	3.23
5/7/2009	19.32	6.06	3.99	468.58	34.53	14.8	9.1	11.07	129.06	102.59	6.38	18.95	13.51	15.77	4.01	27.25	10.73	79.28	2.35	3.02
5/8/2009	19.42	6.24	4	474.16	34.68	15.15	9.13	10.81	129.19	101.49	7.55	18.73	14.17	15.29	3.93	27.94	9.25	77.95	2.37	3.12
5/11/2009	19.32	6.08	3.9	483.01	35.03	15.54	8.91	11.02	129.57	102.9	7.39	18.61	12.94	15.37	4.22	26.95	9.43	78.61	2.37	2.98
5/12/2009	19.89	5.01	3.85	490.59	34.99	15.1	9	11.21	124.42	103.94	7.47	18.72	12.26	15.21	4.35	26.84	8.98	77.93	2.5	2.85
5/13/2009	19.75	4.96	3.74	486.53	34.21	14.52	8.95	10.94	119.49	102.26	7.2	18.05	11.01	15.13	4.38	25.85	8.4	74.19	2.45	2.59
5/14/2009	20.06	5.16	3.69	485	34.93	14.76	9	10.93	122.95	101.05	6.94	18.09	11.31	15.54	4.24	26.26	8.52	75.11	2.66	2.61
5/15/2009	20.22	5.49	3.61	490.5	35.01	14.91	9	10.98	122.42	101.37	7.35	17.92	10.67	15.19	4.01	26.48	8.74	73.6	2.66	2.47
5/18/2009	20.6	5.5	3.86	498.3	35.73	15.17	8.99	11.3	126.65	104.58	7.65	18.72	11.73	15.52	4.14	26.23	9.27	75.95	2.8	2.76
5/19/2009	20.31	5.63	4.07	510.15	36.58	15.18	8.97	11.56	127.45	105.51	7.42	18.88	11.25	15.65	4.39	26.05	9.45	77.87	2.8	2.83
5/20/2009	20.38	5.41	4.17	505.49	34.67	14.96	8.98	11.18	125.87	104.05	7.9	18.6	11.49	15.58	4.5	26.11	9.73	77.97	2.8	2.85
5/21/2009	19.82	5.33	4.1	500.03	34.22	14.87	9.02	10.83	124.18	102.82	7.5	18.1	11.41	15.18	4.34	25.78	9.67	75.96	2.8	2.78
5/22/2009	19.75	5.26	4.1	502.61	34.14	14.98	9	10.85	122.5	101.89	7.21	17.9	11.07	15.05	4.26	25.79	9.82	75.64	2.84	2.67
5/26/2009	20.34	5.4	4.25	500.84	34.47	15.28	9.1	11.14	130.78	105.02	7.92	18.49	10.98	15.48	4.53	26.58	10.35	78.39	2.79	2.67
5/27/2009	20.13	5.34	4.14	495.01	34.34	14.94	9.06	11.12	133.05	102.93	7.84	18.22	10.91	15.46	4.71	25.56	10.37	77.1	2.79	2.58
5/28/2009	20.45	5.56	4.08	479.12	34.7	15.09	9.06	11.48	135.07	104.69	7.82	18.51	11.3	15.72	4.7	25.73	10.51	77.65	2.71	2.53
5/29/2009	20.89	5.75	4.3	486.34	34.35	15.84	9	11.57	135.81	106.28	7.95	18.5	11.27	15.72	4.54	26.23	10.43	77.99	2.65	2.61
6/1/2009	21.4	6.13	4.81	479.85	36	16.58	9.09	12.18	139.35	108.37	8.55	19.5	11.21	16.5	4.73	27.34	10.94	83.05	2.79	2.7
6/2/2009	21.4	6.41	5.14	463	35.84	16.62	9.13	11.94	139.49	106.83	8.16	19.61	11.41	16.19	4.56	28	10.85	84.93	2.79	2.72
6/3/2009	21.73	6.18	5.5	467.86	35.63	16.3	9.15	11.62	140.95	106.49	7.9	19.36	11.21	15.94	4.48	27.37	10.51	85.68	2.7	2.6
6/4/2009	21.83	6.36	5.83	473.75	36.09	16.65	9.14	12.1	143.74	106.33	7.89	19.67	11.87	16.13	4.65	27.71	10.89	85.52	2.7	2.71
6/5/2009	22.14	6.36	6.1	482.7	37.35	16.64	9.17	12.08	144.67	107.24	7.88	19.87	11.86	15.92	4.63	27.83	10.83	87.56	2.65	2.81
6/8/2009	22.05	6.38	6.17	483.11	37.41	16.19	9.21	12.28	143.85	107.49	7.32	19.87	12.06	15.92	4.61	27.55	10.77	86.36	2.6	2.83
6/9/2009	22.08	6.26	6.29	477.12	36.84	16.4	9.24	12.6	142.72	108.14	7.14	20.08	12.06	16.42	4.75	27.64	11.36	87.08	2.64	2.89
6/10/2009	22.55	6.19	6.22	491.98	36.79	16.32	9.26	12.94	140.25	108.35	7.68	19.95	11.98	16.46	4.82	27.36	11.72	86.59	2.64	2.89
6/11/2009	22.83	5.98	6.52	475.62	37.23	16.19	9.26	13.27	139.95	109.4	8.25	20.1	12.97	16.35	4.7	27.42	11.57	85.69	2.7	2.88
6/12/2009	23.33	6.11	6.4	489.22	37.76	16.4	9.3	13.39	136.97	108.21	7.87	19.91	13.72	16.31	4.47	27.29	11.51	84.08	2.7	2.95
6/15/2009	23.42	5.93	6.27	477.11	37.08	16.4	9.28	12.87	136.09	107.62	7.65	19.36	13.33	15.98	4.26	26.24	11.32	83.18	2.7	2.79
6/16/2009	23.45	5.67	6.26	468.8	36.84	15.96	9.26	12.77	136.35	107.32	7.44	19.08	12.73	15.86	4.13	25.96	11.01	82.15	2.7	2.72
6/17/2009	23.68	5.71	6.28	481.32	37.42	15.6	9.3	12.76	135.58	107	7.44	19.2	12.3	16.14	4.08	26.39	11.28	82.65	2.65	2.57
6/18/2009	23.5	5.68	6.31	533.44	37.55	15.34	9.26	12.61	135.88	106.33	7.3	18.99	12.9	15.87	3.85	25.98	11.06	81.6	2.64	2.62
6/19/2009	24.07	5.72	6.71	535.6	38.35	15.8	9.17	13.29	139.48	105.89	7.28	18.92	13.22	16.01	3.87	26.23	11.18	82.96	2.64	2.85
6/22/2009	23.28	5.38	6.44	516.09	37.74	14.71	9.14	12.98	137.37	104.52	7.4	18.41	11.94	15.68	3.62	25.32	10.55	79.15	2.48	2.62
6/23/2009	23.34	5.53	6.67	521.62	37.36	14.68	9.17	12.98	134.01	104.44	7.41	18.57	12.23	15.81	3.55	25.81	10.5	77.68	2.48	2.65
6/24/2009	23.47	5.63	6.83	533.8	37.22	15.45	9.18	13.28	136.22	104.15	7.45	18.61	12.35	16.1	3.66	25.9	10.85	79.27	2.48	2.58
6/25/2009	23.79	5.68	6.9	540.58	38.12	15.53	9.2	13.65	139.86	106.06	7.59	19.03	12.35	16.31	3.64	26.51	11.42	82.2	2.4	2.58
6/26/2009	23.35	5.61	7.86	541.55	37.61	15.74	9.01	13.68	142.44	105.68	7.54	18.91	12.75	16.29	3.62	26.3	11.57	83.88	2.4	2.95
6/29/2009	23.86	5.78	7.65	554.53	38.98	15.9	9.18	13.86	141.97	105.83	7.83	18.99	13.19	16.38	3.72	26.58	11.57	83.03	2.45	3
6/30/2009	23.77	6.07	7.88	543.91	38.65	15.66	9.22	13.73	142.43	104.42	7.52	18.65	13.2	16.55	3.87	25.86	11.29	83.66	2.45	2.96
7/1/2009	24.04	5.91	8.24	537	38.68	15.41	9.22	13.39	142.83	104.84	7.52	18.8	13.05	17.04	3.91	25.98	11.34	81.6	2.4	2.92
7/2/2009	23.37	5.89	8.16	527.04	37.85	14.99	9.21	12.97	140.02	101.73	7.27	18.5	12.64	16.72	3.78	25.19	10.9	79.32	2.4	2.7
7/6/2009	23.2	5.75	7.57	534.73	37.73	14.91	9.24	13.42	138.61	101.65	7.1	18.53	12.15	16.54	3.55	25.27	10.55	78.1	2.4	2.87
7/7/2009	22.53	5.53	7.62	526.42	36.84	14.44	9.2	13	135.4	100.19	7	18.24	12.15	16.25	3.43	24.34	10.09	75.63	2.4	2.69
7/8/2009	22.56	5.35	7.79	528.07	37.21	14.38	9.2	12.95	137.22	100.68	6.75	18.13	11.84	15.94	3.36	24.4	10.11	77.36	2.4	2.76
7/9/2009	22.44	5.63	7.69	528.82	37.3	14.55	9.2	13.15	136.36	102.08	6.77	18.17	11.97	16.02	3.48	24.45	10.33	78.1	2.4	2.77
7/10/2009	22.39	5.72	7.77	551	37.24	14.93	9.17	13.22	138.52	100.83	6.66	18.34	11.88	16.04	3.49	23.85	10.37	77.63	2.41	2.84
7/13/2009	23.23	5.69	7.96	542.3	37.3	15.01	9.16	13.02	142.34	103.62	6.73	18.57	12.99	16.49	3.56	24.08	10.49	81.47	2.41	2.92
7/14/2009	23.11	5.84	8.04	545.21	37.14	15.18	9.17	11.97	142.27	103.25	7.05	18.73	12.91	16.83	3.55	24.77	10.71	81.95	2.39	3.06
7/15/2009	24.12	6.05	8.52	546.43	38.82	15.71	9.21	12.32	146.88	107.22	7.7	19.81	13.42	18.05	3.86	25.23	11.15	84.55	2.47	3.2
7/16/2009	24.44	6.13	8.36	560.2	39.67	16.19	9.14	12.75	147.52	110.64	7.67	20.12	13.17	18.5	3.92	24.79	11.73	86.11	2.47	3.23
7/17/2009	24.29	6.14	8.26	562.38	39.98	16.84	9.17	12.67	151.75	115.42	8.04	20.51	12.89	18.79	4	24.34	12.07	85.85	2.55	3.16
7/20/2009	24.53	6.19	8.28	569.46	40.43	17.01	9.17	12.94	152.91	116.44	8.13	21.15	12.24	18.9	4.17	24.63	12.22	88.23	2.6	3.23
7/21/2009	24.83	6.2	8.29	572.81	40.57	16.75	9.16	13.36	151.51	117.04	8.54	21.59	12.19	18.9	4.08	24.64	11.97	89.01	2.64	3.12
7/22/2009	24.8	6.38	7.75	571.51	40.8	17.37	9.17	13.3	156.74	115.57	9.26	21.45	12.23	19.14	3.55	24.7	12.27	88.79	2.55	3.02
7/23/2009	25.56	6.98	8.03	552.95	41.64	17.36	9.22	13.47	157.82	117.06	9.2	21.9	12.69	19.48	3.59	25.28	13	93.87	2.55	3.16
7/24/2009	23.45	6.78	8.14	545.2	41.72	17.48	9.22	13.5	159.99	117.64	9.2	21.88	12.51	19.36	3.77	25.38	12.96	86.49	2.5	3.19
7/27/2009	23.11	7.27	8.28	554.17	41.84	17	9.24	13.71	160.1	117.63	9.2	21.84	13.09	19.47	3.8	24.78	13.02	84.24	2.55	3.2
7/28/2009	23.47	7.14	8.25	557.87	41.98	17.22	9.2	13.97	160	117.28	9.19	21.93	13.34	19.37	3.77	24.55	13.04	84.98	2.55	3.33
7/29/2009	23.8	7.12	8.3	567	42.19	15.14	9.16	13.72	160.03	117.26	8.85	21.72	13.52	19.4	3.71	24.82	12.78	84.34	2.8	3.28
7/30/2009	23.81	7.39	8.23	586.3	42.71	14.6	9.23	13.57	162.79	117.86	9.26	21.98	13.97	19.33	3.66	27.28	12.88	86.09	3.05	2.94
7/31/2009	23.52	8	8.12	572.22	43.3	14.32	9.17	13.38	163.39	117.93	9.4	22.01	14.79	19.25	3.66	27.96	12.93	85.76	3.05	2.97
8/3/2009	23.83	8.33	8.16	567.3	43.38	14.34	9.17	13.6	166.43	119.92	9.6	22.57	15.32	19.37	3.74	28.62	13.28	87.44	3.96	3.26
8/4/2009	23.77	8.3	9.36	575	43.42	14.51	9.16	13.7	165.55	119.6	10.08	22.44	15.64	19.32	3.76	28	13.37	85.8	4.7	4.04
8/5/2009	23.81	8.44	9.11	585.8	43.26	14.67	9.15	13.63	165.11	118.47	9.38	22.17	16.66	18.86	3.75	28.06	13.4	84.29	4.66	3.83
8/6/2009	23.46	8.07	8.22	583	42.21	14.74	9.15	13.16	163.91	117.38	9.75	22.31	16.7	18.7	3.71	28.28	13.12	84.47	4.6	3.85
8/7/2009	23.56	8.01	8.51	568.24	43.54	14.62	9.11	13.2	165.51	119.33	10.05	22.19	16.42	18.5	3.7	28.34	13.71	85.32	4.25	4.28
8/10/2009	23.42	7.72	8.31	560.9	43.67	14.63	9.11	13.59	164.72	118.7	10.05	21.64	16.68	18.76	3.68	28.65	13.26	84.44	4.1	4.24
8/11/2009	23.13	7.81	8.08	544.62	43.39	14.46	9.12	13.38	162.83	117.79	9.9	21.17	15.85	18.64	3.59	28.3	12.95	83.56	4.2	4
8/12/2009	23.53	7.7	8.19	549.46	44.18	14.68	9.15	13.84	165.31	119.29	9.97	21.43	15.93	18.81	3.59	28.55	13.43	85.96	4.25	4.2
8/13/2009	23.62	7.9	8.42	549.99	44.35	15.04	9.18	14.29	168.42	119.58	9.48	21.51	17	19.05	3.68	28.43	13.83	84.6	4.25	4.43
8/14/2009	23.69	7.83	8.1	578.6	44.09	15.04	9.16	14.2	166.78	118.57	9.33	21.31	17.39	18.77	3.69	27.92	13.42	83.58	4.15	4.36
8/17/2009	23.25	7.37	7.76	577.52	43.11	14.56	9.18	13.93	159.59	116.86	8.97	20.73	16.56	18.45	3.55	27.02	12.86	81.06	4.2	4.2
8/18/2009	23.58	7.64	7.94	580.07	43.96	14.75	9.22	14.43	164	117.63	9.19	21.01	16.9	18.77	3.56	27.57	13.33	82.12	4.1	4.42
8/19/2009	23.65	7.65	8.04	581	43.83	14.79	9.28	14.45	164.6	118.57	9.14	21.24	16.75	18.8	3.52	26.68	13.18	83	4	4.29
8/20/2009	23.67	7.68	8.2	576.3	43.98	14.77	9.27	14.55	166.33	118.95	9.21	21.89	17.14	18.71	3.52	26.5	13.7	84.09	4.05	4.29
8/21/2009	24.41	7.74	8.05	583	44.78	14.79	9.35	14.49	169.22	119.9	9.2	22.19	17.46	18.89	3.7	26.61	13.93	85	4	4.34
8/24/2009	24.64	7.41	7.8	584.94	44.79	14.99	9.32	14.78	169.06	119.32	9.23	22.06	17.35	18.76	4	26.58	13.54	84.5	4	4.32
8/25/2009	24.64	7.59	7.67	573.2	44.68	15.07	9.34	14.57	169.4	118.83	9.25	22	17.75	19.1	4.02	26.84	13.66	84.19	4.7	4.56
8/26/2009	24.55	7.61	7.71	583.01	44.48	14.93	9.35	14.67	167.41	119.47	9.11	21.93	17.79	19.43	4.06	27.03	13.82	84	4.4	5.51
8/27/2009	24.69	7.67	7.66	579	44.81	14.93	9.34	15.65	169.45	119.43	8.91	21.88	17.92	19.47	4.23	27.25	14.01	84.31	4.45	5.12
8/28/2009	24.68	7.73	7.38	586.36	44.76	14.85	9.34	15.93	170.05	118.22	8.7	22	17.98	20.25	4.47	27.3	14.73	82.76	4.5	5.17
8/31/2009	24.65	7.6	7.31	594.9	44.89	14.61	9.28	15.83	168.21	118.05	8.37	21.6	17.59	20.32	4.36	26.74	14.52	81.19	4.25	5.32
9/1/2009	24	7.24	6.82	581.29	43.87	14.18	9.2	15.21	165.3	116.69	8.65	21.17	16.46	19.72	4.22	26.39	14.03	79.16	4.17	5.45
9/2/2009	23.86	7.03	6.85	593.08	44.25	14.23	9.32	15.35	165.18	116.09	8.8	21.55	16.27	19.47	4.28	26.29	14.23	78.14	4.35	5.21
9/3/2009	24.11	7.48	7.1	574.29	44.45	14.28	9.15	15.25	166.55	116.33	9.29	21.49	16.84	19.42	4.53	26.28	14.57	78.46	4.35	5.17
9/4/2009	24.62	7.43	7.35	558.47	45.1	14.5	9.15	15.69	170.31	117.46	9.5	21.84	17.09	19.64	4.53	26.51	15.11	78.87	4.3	5.29
9/8/2009	24.82	7.3	7.53	552.12	45.47	14.49	9.16	15.96	172.93	117.16	9.4	21.92	17.02	19.8	5.19	26.9	15.53	80.9	4.3	5.51
9/9/2009	24.78	7.39	7.86	544.06	45.98	14.78	9.17	15.92	171.14	116.76	8.94	22.23	17.04	19.93	5.2	26.59	15.96	82.24	4.39	5.5
9/10/2009	25	7.44	8.07	543.04	46.5	15.45	9.17	16.56	172.56	117.67	9.01	23.01	17.22	19.76	5.38	26.99	16.47	83.85	4.39	6.11
9/11/2009	24.86	7.33	8.18	546.49	46.1	15.59	9.17	16.6	172.16	118.05	8.94	23.09	16.97	19.51	5.68	27.27	16.32	84.54	4.39	6.17
9/14/2009	25	7.39	8.29	555	45.7	15.57	9.17	16.39	173.72	118.88	9.06	22.79	16.99	19.36	5.72	27.01	16.05	83.86	4.2	6.33
9/15/2009	25.2	7.2	8.61	537.79	45.64	16.41	9.14	16.57	175.16	119.35	9.11	22.98	16.79	19.55	5.88	26.75	16.38	83.55	4.2	6.39
9/16/2009	25.2	7.15	8.84	539.41	45.64	16.99	9.16	16.92	181.87	121.82	9.19	23.36	17.25	19.65	5.69	27.65	15.94	90.7	4.4	6.68
9/17/2009	25.3	6.92	8.7	449.54	45.71	17.5	9.14	16.86	184.55	121.88	8.92	23.39	17.61	19.41	5.67	27.54	15.24	90.44	4.25	5.93
9/18/2009	25.26	6.94	8.66	455.03	46.15	17.39	9.14	16.69	185.02	122.11	8.97	23.4	17.63	19.56	5.7	28.46	15.22	90.28	4.35	5.54
9/21/2009	25.3	6.83	8.5	446.84	46.35	17.04	9.11	16.01	184.02	121.57	8.62	23.63	17.25	19.54	5.81	28.33	15.15	90.56	4.35	5.36
9/22/2009	25.77	7.01	8.6	451.66	47.01	16.86	9.06	15.73	184.48	121.61	8.72	23.41	17.61	19.53	6.08	28.37	15.18	93.75	4.39	5.52
9/23/2009	25.71	7.36	8.61	457.45	46.93	17.21	9.05	15.95	185.5	120.82	8.81	22.8	17.5	19.88	6.02	28.15	14.94	92.38	4.45	5.18
9/24/2009	25.94	7.33	8.48	469.08	46.87	16.89	9.09	15.77	183.82	120.94	8.86	22.65	16.98	19.54	5.66	28.81	14.74	92.11	4.5	4.81
9/25/2009	25.55	7.29	8.19	464.19	47.02	17.08	9.03	15.34	182.37	121.08	8.75	22.62	16.6	19.37	5.83	29.43	14.5	90.52	4.46	4.83
9/28/2009	25.83	7.49	8.43	467.81	47.88	17.47	9.07	15.67	186.15	119.33	8.77	23.61	17.22	19.74	5.94	30	14.83	92.21	4.45	4.94
9/29/2009	25.75	7.45	8.38	476.82	47.44	17.45	9.05	15.17	185.38	118.81	8.9	23.3	17.16	19.48	5.78	29.39	14.56	91.72	4.45	4.95
9/30/2009	25.72	7.21	8.33	471.09	47.21	17.81	9.09	15.26	185.35	119.61	8.83	23.54	16.92	19.57	5.66	29.2	15.03	93.36	4.45	4.78
10/1/2009	24.88	6.97	7.81	455.12	45.96	17.39	9.04	15.14	180.86	117.9	8.75	23.09	16.21	18.9	5.39	28.02	13.96	91.04	4.45	4.34
10/2/2009	24.96	6.84	7.86	465.7	45.28	16.84	8.96	15.04	184.9	119.02	8.7	22.67	16.34	18.97	5.31	27.16	13.85	89.85	4.25	4.25
10/5/2009	24.64	7.05	8.31	465.71	46.07	16.8	9.02	15.15	186.02	119.75	8.8	22.94	16.96	19.1	5.54	27.17	13.78	88.67	4.2	4.52
10/6/2009	25.11	7.14	8.39	440.47	47.01	17.3	8.9	15.51	190.01	121.35	9.48	23.35	17	19.63	5.64	27.63	14.01	90.91	4.05	4.61
10/7/2009	25.1	7.13	8.23	438.08	46.56	17.49	8.95	15.36	190.25	122.78	9.94	23.61	17.35	19.75	5.54	28.09	13.9	93.97	4.06	4.51
10/8/2009	25.67	7.18	8.26	444.08	46.46	17.58	9.02	15.82	189.27	122.29	10.39	23.67	17.33	19.88	5.51	28.2	13.99	95.22	4.06	4.54
10/9/2009	25.55	7.12	8.54	458.19	47.38	16.87	9.08	15.81	190.47	125.93	10.19	24.03	17.5	20.17	5.88	28.44	14.17	95.71	4.35	4.58
10/12/2009	25.72	7.62	8.28	450.78	47.04	16.75	9.1	15.42	190.81	127.04	10.34	23.78	18.03	20.4	6.14	28.62	14.01	93.6	4.35	4.55
10/13/2009	25.81	7.62	8.01	460.56	46.69	16.88	9.15	15.31	190.02	127.02	10.92	23.89	17.81	20.49	6.08	28.2	13.96	94.83	4.24	4.46
10/14/2009	25.96	7.66	8.4	433.55	47.89	16.95	9.15	15.63	191.29	128.35	11.6	24.38	18.59	20.83	6.25	28.56	13.94	97.46	4.25	4.51
10/15/2009	26.71	7.66	8.38	432	48	16.52	9.17	15.43	190.56	127.98	11.59	24.37	18.1	20.67	6.19	29.22	13.53	96.01	4.35	4.41
10/16/2009	26.5	7.42	8.15	439.16	48.37	16.81	9.12	15.28	188.05	121.64	11.5	24.02	17.26	20.18	5.74	28.88	13.22	95.32	4.2	4.27
10/19/2009	26.36	7.57	8.27	419.87	48.47	17.22	9.11	15.36	189.86	123.06	12	24.25	17.16	20.41	5.87	29.51	13.7	94.68	4.15	4.2
10/20/2009	26.37	7.71	8.18	437.92	48.74	17.17	9.01	15.35	198.76	122.82	12.09	24.11	17.01	20.18	5.98	29.11	13.71	94.98	4.2	4.08
10/21/2009	26.58	7.78	8.14	443.01	48.22	17.66	8.71	15.15	204.92	120.87	11.91	23.96	16.51	19.86	5.77	28.96	13.38	93.42	4.15	4.1
10/22/2009	26.59	7.76	8.2	440.18	48.32	17.67	8.44	15.43	205.2	122.69	11.8	24.18	16.52	20.12	5.83	29.26	13.47	93.45	4.15	4.16
10/23/2009	28.02	7.63	8.11	439.84	48.56	17.22	8.44	15.48	203.94	120.36	11.9	24.17	16.22	19.78	5.6	28.91	13.15	118.49	4.15	3.9
10/26/2009	28.68	7.47	7.9	413.62	47.86	16.87	8.31	15.37	202.48	120.11	11.8	23.7	15.4	19.83	5.42	29.16	12.98	124.64	4.12	3.71
10/27/2009	28.59	7.33	7.83	433.35	47.3	16.69	8.23	15.29	197.37	120.65	11.53	23.54	15.45	19.74	5.15	29.22	12.54	122.07	4.1	3.7
10/28/2009	28.02	6.96	7.6	432.7	46.93	16.04	8.18	14.59	192.4	121.5	10.92	23.02	15.01	19.03	4.85	28.63	12.02	121.64	4.05	3.47
10/29/2009	28.22	7.3	7.7	447.7	48.35	16.13	8.27	14.93	196.35	122.87	11.52	23.52	15.73	19.22	4.93	30.54	12.55	122.58	4.05	3.47
10/30/2009	27.73	7	7.46	444.6	47.46	15.9	8.18	14.45	188.5	120.61	11.02	22.81	14.58	19.11	4.6	29.39	11.96	118.81	4.25	3.75
11/2/2009	27.88	7.58	7.38	457.02	48.16	15.85	8.25	14.44	189.31	120.56	11.05	23	14.63	19.01	4.6	28.9	12.07	118.84	4.33	3.68
11/3/2009	27.53	7.44	7.16	471.18	47.51	15.7	8.35	14.59	188.75	121.16	11.14	22.91	14.8	18.5	4.64	29.01	12.01	118.37	4.3	3.65
11/4/2009	28.06	7.27	7.24	475.39	47.76	15.69	8.32	14.58	190.81	121.29	11.25	23.29	14.7	18.59	4.69	28.69	11.98	117.1	4.3	3.71
11/5/2009	28.47	7.45	7.37	472.86	48.85	15.9	8.23	14.91	194.03	123.1	11.45	23.93	15.13	18.89	4.83	28.73	12.27	120.61	4.3	4.19
11/6/2009	28.52	7.75	7.09	464.19	49.16	15.94	8.1	14.86	194.34	123.49	11.38	23.82	15.05	18.93	5.04	28.87	13.16	126.2	4.3	4.23
11/9/2009	28.99	8.18	7.28	486.44	49.99	16.02	8.24	15.54	201.46	126	11.27	23.99	15.77	19.46	5.21	29.49	13.46	126.67	4.2	4.3
11/10/2009	29.01	8.24	7.17	507.8	49.96	16.04	8.15	15.4	202.98	126.91	10.75	23.65	16.03	19.5	5.14	29.23	13.13	130.15	4.22	4.2
11/11/2009	29.12	8.33	7.18	502.86	50	16.09	8.47	15.59	203.25	127.19	11.05	23.92	16.43	19.84	5.32	29	13.5	129.91	4.17	4.29
11/12/2009	29.36	8.2	7	509	49.7	16	8.6	15.45	201.99	126.26	11.4	23.4	16.06	19.68	6.48	28.24	13.46	130.53	4.15	4.02
11/13/2009	29.63	8.41	7.15	508.95	49.91	15.93	8.67	15.4	204.45	127.03	11.58	23.71	15.98	19.82	6.53	28.35	13.56	132.97	4.15	4.04
11/16/2009	29.54	8.71	7.45	529.64	50.81	16.07	8.65	15.96	206.63	128.21	12.13	23.87	15.87	20.23	6.43	28.63	13.75	131.59	4.25	4.18
11/17/2009	30	8.98	7.16	532.25	51.32	16.05	8.7	15.95	207	128.63	12.1	24.09	15.77	20.32	6.62	28.45	13.73	131.25	4.25	4.27
11/18/2009	30.11	8.94	7.15	534.62	50.48	15.98	8.68	16.06	205.96	128.15	11.65	24	16.35	20.12	7.32	28.25	13.52	131.29	4.25	4.13
11/19/2009	29.78	8.73	7.15	518.09	49.82	15.61	8.6	15.87	200.51	127.54	11.5	23.68	16.08	19.3	7.05	26.98	12.98	128.99	4.16	4.13
11/20/2009	29.62	8.64	7.03	521.16	50.04	15.38	8.61	14.29	199.92	126.96	11	23.46	16.09	19.24	6.95	26.8	12.9	129.66	4.16	4.01
11/23/2009	29.94	8.73	7.19	516.69	51.02	15.45	8.54	14.79	205.88	128.2	11.21	23.9	16.29	19.4	7	27.31	13	133	4.16	4.11
11/24/2009	29.91	8.81	7.04	504.95	50.19	15.24	8.51	14.32	204.44	127.93	11.11	23.74	16.1	19.39	6.95	26.62	12.92	132.94	4.16	4.03
11/25/2009	29.79	8.81	7.09	501.71	50.05	15.3	8.56	14.36	204.19	127.28	11.15	23.74	15.95	19.34	7.11	27.46	13.07	134.03	4.18	4.18
11/27/2009	29.22	8.73	6.9	506.8	49.07	15	8.52	14.14	200.59	125.7	11.07	23.38	15.47	19.11	6.85	26.68	12.79	131.74	4.18	4.08
11/30/2009	29.41	8.89	6.99	495.43	49.06	14.97	8.51	14.12	199.91	126.35	11.48	23.4	15.85	19.2	7.01	26.69	13.06	135.91	4.1	4.05
12/1/2009	30.01	8.88	7.01	515.9	49.59	15.13	8.31	13.84	196.97	127.94	11.55	23.92	15.9	19.66	7.2	27.44	13.32	138.5	4.15	4.15
12/2/2009	29.78	9.01	6.97	564.3	48.98	15.31	8.26	13.66	196.23	127.21	11.25	23.87	15.65	19.72	7.3	27	13.72	142.25	4.25	4.19
12/3/2009	29.83	8.94	6.75	548.27	48.96	15.11	8.23	13.46	196.48	127.55	11.2	23.83	15.76	19.87	8.03	27.98	13.83	141.17	4.25	4.18
12/4/2009	29.98	8.94	6.99	550.52	49.79	15.19	8.44	13.46	193.32	127.25	11.1	24.16	16.28	20.46	7.86	28.52	14.26	137.58	4.3	4.46
12/7/2009	29.79	8.91	6.87	555.98	49.21	15.45	8.46	13.29	188.95	127.04	11	24.21	15.89	20.37	8.52	28.45	16.09	134.21	4.3	4.52
12/8/2009	29.57	8.82	6.78	566.4	48.94	15.45	8.49	12.81	189.87	126.8	11.46	23.81	15.41	19.99	8.67	28.67	15.31	134.11	4.35	4.37
12/9/2009	29.71	8.86	6.74	574.49	49.95	15.18	8.55	13.11	197.8	128.39	11.61	23.86	15.39	20.01	8.71	28.43	15.69	131.31	4.15	4.36
12/10/2009	29.87	9.05	6.54	548.62	50.14	15.49	8.52	13.23	196.43	129.34	11.98	23.94	15.21	20.15	8.58	28.34	15.41	135.38	4.15	4.37
12/11/2009	29.85	9	6.51	584.35	50.05	15.74	8.36	13.12	194.67	129.68	11.84	23.77	15.63	19.9	8.64	29	15.21	134.15	4.3	4.4
12/14/2009	30.11	9.08	6.73	600.25	50.68	15.81	9.28	13.18	196.98	129.93	12.16	23.84	15.63	19.98	8.68	29.3	15.67	131.38	4.3	4.41
12/15/2009	30.02	9.39	6.21	600.79	50.99	15.74	9.32	13.51	194.17	128.49	11.86	23.48	15.19	19.8	8.82	28.99	15.65	130.23	4.25	4.17
12/16/2009	30.1	9.49	5.98	615.95	51.36	15.79	9.31	13.7	195.03	128.71	11.55	23.45	15.28	19.38	9.15	29.01	16.91	128.36	4.16	4.07
12/17/2009	29.6	9.39	6	637.65	50.56	15.82	9.29	13.74	191.86	127.4	11.3	23.18	14.86	19.07	9.12	28.58	16.83	126.91	4.15	3.98
12/18/2009	30.36	9.68	6.1	653.82	51.5	16.14	9.33	13.74	195.43	127.91	11.18	23.33	15.03	19.63	9.05	28.64	16.82	128.48	4.18	4.11
12/21/2009	30.52	9.67	6.13	638.25	51.99	15.88	9.35	14.11	198.23	128.65	11.3	23.64	15.28	20.09	9.53	28.58	17.42	132.79	4.16	4.31
12/22/2009	30.82	9.9	6.08	646.73	52.46	15.98	9.33	14.11	200.36	129.93	11.75	23.75	15.33	20.04	9.43	29.13	17.88	133.75	4.2	4.32
12/23/2009	30.92	10.08	6.26	653.2	52.49	16.67	9.36	14.34	202.1	130	12.2	23.78	15.19	20.1	9.67	29.36	18.13	138.94	4.25	4.35
12/24/2009	31	10.13	6.25	631.68	52.87	16.72	9.35	14.79	209.04	130.57	12.15	23.96	15.25	20.33	9.91	29.31	18.09	138.47	4.57	4.26
12/28/2009	31.17	10.2	6.25	649.25	52.76	16.88	9.38	14.6	211.61	132.31	12.34	24.08	15.29	20.3	9.83	29.58	17.8	139.31	4.55	4.3
12/29/2009	31.39	10.11	6.2	657	52.57	16.92	9.37	14.32	209.1	131.85	12.28	24.1	15.12	20.4	9.75	29.35	18.02	139.41	4.6	4.31
12/30/2009	30.96	9.99	6.28	685.33	52.93	16.98	9.38	14.79	211.64	132.57	12.19	24.18	15.07	20.59	9.72	29.3	18.67	136.49	4.4	4.34
12/31/2009	30.48	10	6.42	685.19	51.51	16.78	9.37	14.36	210.73	130.9	12.35	23.94	15.06	20.4	9.68	29	18.68	134.52	4.5	4.22
